# voltage (V), current (A), dIdV (G0)
-1.399999999999999986e-03,nan,nan
-1.397999999999999937e-03,nan,nan
-1.395999999999999889e-03,nan,nan
-1.394000000000000057e-03,nan,nan
-1.392000000000000008e-03,nan,nan
-1.389999999999999960e-03,nan,nan
-1.387999999999999911e-03,nan,nan
-1.386000000000000079e-03,nan,nan
-1.384000000000000031e-03,nan,nan
-1.381999999999999982e-03,nan,nan
-1.379999999999999933e-03,nan,nan
-1.377999999999999885e-03,nan,nan
-1.376000000000000053e-03,nan,nan
-1.374000000000000004e-03,nan,nan
-1.371999999999999956e-03,nan,nan
-1.369999999999999907e-03,nan,nan
-1.368000000000000075e-03,nan,nan
-1.366000000000000027e-03,nan,nan
-1.363999999999999978e-03,nan,nan
-1.361999999999999929e-03,nan,nan
-1.360000000000000098e-03,nan,nan
-1.358000000000000049e-03,nan,nan
-1.356000000000000000e-03,nan,nan
-1.353999999999999952e-03,nan,nan
-1.351999999999999903e-03,nan,nan
-1.350000000000000071e-03,nan,nan
-1.348000000000000023e-03,nan,nan
-1.345999999999999974e-03,nan,nan
-1.343999999999999926e-03,nan,nan
-1.341999999999999877e-03,nan,nan
-1.340000000000000045e-03,nan,nan
-1.337999999999999997e-03,nan,nan
-1.335999999999999948e-03,nan,nan
-1.333999999999999899e-03,nan,nan
-1.332000000000000068e-03,nan,nan
-1.330000000000000019e-03,nan,nan
-1.327999999999999970e-03,nan,nan
-1.325999999999999922e-03,nan,nan
-1.324000000000000090e-03,nan,nan
-1.322000000000000041e-03,nan,nan
-1.319999999999999993e-03,nan,nan
-1.317999999999999944e-03,nan,nan
-1.315999999999999896e-03,nan,nan
-1.314000000000000064e-03,nan,nan
-1.312000000000000015e-03,nan,nan
-1.309999999999999967e-03,nan,nan
-1.307999999999999918e-03,nan,nan
-1.306000000000000086e-03,nan,nan
-1.304000000000000038e-03,nan,nan
-1.301999999999999989e-03,nan,nan
-1.299999999999999940e-03,nan,nan
-1.297999999999999892e-03,nan,nan
-1.296000000000000060e-03,nan,nan
-1.294000000000000011e-03,nan,nan
-1.291999999999999963e-03,nan,nan
-1.289999999999999914e-03,nan,nan
-1.288000000000000082e-03,nan,nan
-1.286000000000000034e-03,nan,nan
-1.283999999999999985e-03,nan,nan
-1.281999999999999936e-03,nan,nan
-1.279999999999999888e-03,nan,nan
-1.278000000000000056e-03,nan,nan
-1.276000000000000007e-03,nan,nan
-1.273999999999999959e-03,nan,nan
-1.271999999999999910e-03,nan,nan
-1.270000000000000078e-03,nan,nan
-1.268000000000000030e-03,nan,nan
-1.265999999999999981e-03,nan,nan
-1.263999999999999933e-03,nan,nan
-1.262000000000000101e-03,nan,nan
-1.260000000000000052e-03,nan,nan
-1.258000000000000004e-03,nan,nan
-1.255999999999999955e-03,nan,nan
-1.253999999999999906e-03,nan,nan
-1.252000000000000075e-03,nan,nan
-1.250000000000000026e-03,nan,nan
-1.247999999999999977e-03,nan,nan
-1.245999999999999929e-03,nan,nan
-1.243999999999999880e-03,nan,nan
-1.242000000000000048e-03,nan,nan
-1.240000000000000000e-03,nan,nan
-1.237999999999999951e-03,nan,nan
-1.235999999999999903e-03,nan,nan
-1.234000000000000071e-03,nan,nan
-1.232000000000000022e-03,nan,nan
-1.229999999999999974e-03,nan,nan
-1.227999999999999925e-03,nan,nan
-1.226000000000000093e-03,nan,nan
-1.224000000000000045e-03,nan,nan
-1.221999999999999996e-03,nan,nan
-1.219999999999999947e-03,nan,nan
-1.217999999999999899e-03,nan,nan
-1.216000000000000067e-03,nan,nan
-1.214000000000000018e-03,nan,nan
-1.211999999999999970e-03,nan,nan
-1.209999999999999921e-03,nan,nan
-1.207999999999999872e-03,nan,nan
-1.206000000000000041e-03,nan,nan
-1.203999999999999992e-03,nan,nan
-1.201999999999999943e-03,nan,nan
-1.200000000000000112e-03,nan,nan
-1.198000000000000063e-03,nan,nan
-1.196000000000000014e-03,nan,nan
-1.193999999999999966e-03,nan,nan
-1.191999999999999917e-03,nan,nan
-1.190000000000000085e-03,nan,nan
-1.188000000000000037e-03,nan,nan
-1.185999999999999988e-03,nan,nan
-1.183999999999999940e-03,nan,nan
-1.181999999999999891e-03,nan,nan
-1.180000000000000059e-03,nan,nan
-1.178000000000000011e-03,nan,nan
-1.175999999999999962e-03,nan,nan
-1.173999999999999913e-03,nan,nan
-1.172000000000000082e-03,nan,nan
-1.170000000000000033e-03,nan,nan
-1.167999999999999984e-03,nan,nan
-1.165999999999999936e-03,nan,nan
-1.164000000000000104e-03,nan,nan
-1.162000000000000055e-03,nan,nan
-1.160000000000000007e-03,nan,nan
-1.157999999999999958e-03,nan,nan
-1.155999999999999910e-03,nan,nan
-1.154000000000000078e-03,nan,nan
-1.152000000000000029e-03,-7.814187083091781202e-09,nan
-1.149999999999999981e-03,-7.874240152498561430e-09,-2.910017649109344351e-01
-1.147999999999999932e-03,-7.904375417805016091e-09,-1.731014702097795621e-01
-1.145999999999999883e-03,-7.927888395282966902e-09,-1.014850739762321874e-01
-1.144000000000000052e-03,-7.935828044296705155e-09,6.254117439757583830e-02
-1.142000000000000003e-03,-7.908505405040088609e-09,1.011043136927620434e-01
-1.139999999999999954e-03,-7.904493424429139213e-09,8.270028718658938016e-02
-1.138000000000000123e-03,-7.882874628594639414e-09,1.492977244768543266e-01
-1.136000000000000074e-03,-7.858222525862033206e-09,1.362577995056623303e-01
-1.134000000000000025e-03,-7.840645111420174546e-09,5.670379764997754424e-02
-1.131999999999999977e-03,-7.840648676839044807e-09,7.580864514771472329e-02
-1.129999999999999928e-03,-7.817150217961947104e-09,9.480567565058597990e-02
-1.128000000000000096e-03,-7.811266153984222195e-09,5.640821058585733516e-02
-1.126000000000000048e-03,-7.799667978366428211e-09,1.201585619777030822e-01
-1.123999999999999999e-03,-7.774026171575102004e-09,1.513570790538875388e-01
-1.121999999999999950e-03,-7.752758837072705645e-09,5.886738488468946928e-02
-1.119999999999999902e-03,-7.755781775657785209e-09,9.910713617940344888e-02
-1.118000000000000070e-03,-7.722043189788051807e-09,1.292909890932754102e-01
-1.116000000000000021e-03,-7.715711437928674635e-09,4.202000762910916565e-02
-1.113999999999999973e-03,-7.709020194845506298e-09,8.803208369922289889e-02
-1.111999999999999924e-03,-7.688428211544810851e-09,1.737408489054439731e-01
-1.109999999999999876e-03,-7.655173793469757013e-09,6.701140198544167093e-02
-1.108000000000000044e-03,-7.667659791965924247e-09,4.788872272904694249e-02
-1.105999999999999995e-03,-7.640331944810179525e-09,1.602107164219129798e-01
-1.103999999999999947e-03,-7.618006698893691863e-09,9.242799664891232503e-02
-1.102000000000000115e-03,-7.611686320955641298e-09,3.189979691410332885e-02
-1.100000000000000066e-03,-7.608120196788613183e-09,1.175779065939218659e-01
-1.098000000000000018e-03,-7.575246144731899976e-09,1.121934009208989252e-01
-1.095999999999999969e-03,-7.573348806319667885e-09,4.334478668551246250e-02
-1.093999999999999920e-03,-7.561812569403368315e-09,8.934129495159741363e-02
-1.092000000000000089e-03,-7.545659824380765690e-09,1.540090226100218895e-01
-1.090000000000000040e-03,-7.514081528032323604e-09,9.941897947569773575e-02
-1.087999999999999991e-03,-7.514847529477513347e-09,4.747525375136017745e-02
-1.085999999999999943e-03,-7.499367823195399671e-09,1.073923620546137769e-01
-1.083999999999999894e-03,-7.481564094589787593e-09,1.519088547854286764e-01
-1.082000000000000062e-03,-7.452287673542409948e-09,9.733993055715429998e-02
-1.080000000000000014e-03,-7.451396146155737399e-09,1.319839179523070172e-01
-1.077999999999999965e-03,-7.411382733420516803e-09,1.195541234334365488e-01
-1.076000000000000133e-03,-7.414343493558037061e-09,1.797664350958799381e-02
-1.073999999999999868e-03,-7.405811346104842587e-09,5.883124223087556753e-02
-1.072000000000000036e-03,-7.396110299104601910e-09,1.268739463331985673e-01
-1.069999999999999988e-03,-7.366490107136446446e-09,1.062575639224794533e-01
-1.067999999999999939e-03,-7.363178565017742942e-09,2.177518957573446740e-02
-1.066000000000000107e-03,-7.359741460486481826e-09,1.084162835528093699e-01
-1.064000000000000059e-03,-7.329577792622362423e-09,1.781513078867930922e-01
-1.062000000000000010e-03,-7.304528153480552713e-09,4.428627626222983449e-02
-1.059999999999999961e-03,-7.315852427389738510e-09,7.173930939509955140e-02
-1.057999999999999913e-03,-7.282294443489818771e-09,1.849749322514990801e-01
-1.056000000000000081e-03,-7.258524317683733901e-09,7.164834053579766104e-02
-1.054000000000000032e-03,-7.260088926901740308e-09,5.199683780010992684e-02
-1.051999999999999984e-03,-7.242409266928005753e-09,1.438898172306270207e-01
-1.049999999999999935e-03,-7.215494066790861414e-09,1.269647345156498797e-01
-1.047999999999999887e-03,-7.203059890552989541e-09,5.503105058536947314e-02
-1.046000000000000055e-03,-7.198438641675715256e-09,3.193657303947899234e-02
-1.044000000000000006e-03,-7.193161990656196567e-09,1.270548433769084218e-01
-1.041999999999999958e-03,-7.159061338431794249e-09,1.263564082368099084e-01
-1.040000000000000126e-03,-7.154001148993565484e-09,8.012665838258367645e-02
-1.038000000000000077e-03,-7.134228190468331966e-09,1.211196108612066918e-01
-1.036000000000000029e-03,-7.116463314788227735e-09,7.439585773537014946e-02
-1.033999999999999980e-03,-7.111171153268679377e-09,7.673603139136080109e-02
-1.031999999999999931e-03,-7.092681002382640261e-09,9.053365076518685162e-02
-1.030000000000000100e-03,-7.083112632041084176e-09,1.446475842243325205e-01
-1.028000000000000051e-03,-7.047851292344701736e-09,1.257904566747569952e-01
-1.026000000000000002e-03,-7.044127192163130497e-09,9.899462055096566737e-02
-1.023999999999999954e-03,-7.017170516316444290e-09,1.041449797843370106e-01
-1.021999999999999905e-03,-7.011850197903774193e-09,6.510159364512724256e-02
-1.020000000000000073e-03,-6.996993991545785952e-09,3.957586453810059413e-02
-1.018000000000000025e-03,-6.999584700755947733e-09,1.315118487197085018e-01
-1.015999999999999976e-03,-6.956235356852557885e-09,1.394804945015600539e-01
-1.013999999999999927e-03,-6.956356394123772462e-09,3.932641681367989028e-02
-1.011999999999999879e-03,-6.944047169458746599e-09,9.424485631098969418e-02
-1.010000000000000047e-03,-6.927147682456416242e-09,1.046231355462438756e-01
-1.007999999999999998e-03,-6.911621983411229870e-09,9.580199121261749606e-02
-1.005999999999999950e-03,-6.897456377826966635e-09,5.757311428343405563e-02
-1.004000000000000118e-03,-6.893778712587540890e-09,1.294333297030272611e-01
-1.002000000000000069e-03,-6.857341925373805414e-09,1.773550780255312986e-01
-1.000000000000000021e-03,-6.838812176061708809e-09,2.508038869317403413e-02
-9.979999999999999722e-04,-6.849568919286057624e-09,7.788074127782501632e-02
-9.959999999999999236e-04,-6.814675090967984259e-09,1.683572834211321256e-01
-9.940000000000000918e-04,-6.797391012278372203e-09,6.586209853569430228e-02
-9.920000000000000432e-04,-6.794262867731225799e-09,1.072955828670096312e-01
-9.899999999999999946e-04,-6.764137571551567389e-09,9.542553530845863941e-02
-9.879999999999999460e-04,-6.764688235696870539e-09,6.661002057982511049e-02
-9.859999999999998974e-04,-6.743493549570644189e-09,7.794427639759451965e-02
-9.840000000000000656e-04,-6.740531459565706994e-09,5.061645419496604154e-02
-9.820000000000000170e-04,-6.727806312366669670e-09,1.591531788411105208e-01
-9.799999999999999684e-04,-6.691206122420791398e-09,1.166621230131378584e-01
-9.780000000000001366e-04,-6.691649959150441230e-09,4.811199897293264721e-02
-9.759999999999999796e-04,-6.676295075168475881e-09,1.425233582485391781e-01
-9.740000000000000394e-04,-6.647478597021049077e-09,1.082582615048477276e-01
-9.719999999999999907e-04,-6.642743277546013087e-09,6.897746159522155640e-02
-9.699999999999999421e-04,-6.626100849034115222e-09,1.507890932604703527e-01
-9.680000000000000019e-04,-6.596010168493418299e-09,7.585409630176742635e-02
-9.660000000000000617e-04,-6.602591869187456247e-09,4.781173409742985048e-02
-9.640000000000000131e-04,-6.581192180433039690e-09,1.603943590764355664e-01
-9.619999999999999645e-04,-6.552881860909919594e-09,9.710560511140635398e-02
-9.600000000000000243e-04,-6.551096855000908659e-09,4.897933274258632619e-02
-9.580000000000000841e-04,-6.537702006393329094e-09,8.228868651534587686e-02
-9.560000000000000355e-04,-6.525593643345716950e-09,8.654279310923392032e-02
-9.539999999999999869e-04,-6.510880346413560207e-09,7.799114413033467197e-02
-9.519999999999999383e-04,-6.501422341794856771e-09,8.161480416528939241e-02
-9.499999999999999981e-04,-6.485585986848879300e-09,2.121786104444713383e-01
-9.480000000000000579e-04,-6.435663168328638085e-09,1.535243772568762877e-01
-9.460000000000000093e-04,-6.438005148543928326e-09,-3.278870658471054467e-02
-9.439999999999999607e-04,-6.445825164580382577e-09,8.380634404427371453e-02
-9.420000000000000205e-04,-6.412031578898843356e-09,1.828475141365751289e-01
-9.400000000000000803e-04,-6.389156392102391751e-09,1.039245594704787945e-01
-9.380000000000000317e-04,-6.379822898111916921e-09,1.595384753397612043e-02
-9.359999999999999831e-04,-6.384211917137441911e-09,8.399842261685032396e-02
-9.339999999999999344e-04,-6.353789798770849496e-09,1.716403250259444513e-01
-9.319999999999999942e-04,-6.331016517829585326e-09,8.484935984220937089e-02
-9.300000000000000541e-04,-6.327492973842674805e-09,5.336064010886365505e-02
-9.280000000000000054e-04,-6.314478792458319654e-09,1.175712377771266082e-01
-9.259999999999999568e-04,-6.291054864443104545e-09,1.470454635917092800e-01
-9.240000000000000166e-04,-6.268905922848643806e-09,3.770667809566748130e-02
-9.220000000000000764e-04,-6.279368672415860460e-09,7.949505182891188071e-02
-9.200000000000000278e-04,-6.244268524705760619e-09,1.668782283712776371e-01
-9.179999999999999792e-04,-6.227649159576112202e-09,8.848167719178258450e-02
-9.159999999999999306e-04,-6.216845958657052306e-09,9.591016278605073164e-02
-9.139999999999999904e-04,-6.197924330015726866e-09,7.164258568394410442e-02
-9.120000000000000502e-04,-6.194642225633774938e-09,7.920576875233131808e-02
-9.100000000000000016e-04,-6.173376587545365050e-09,1.062923596565049089e-01
-9.080000000000000614e-04,-6.161699707525356106e-09,1.307023190275354296e-01
-9.060000000000000128e-04,-6.132868845264630652e-09,1.058874546020976276e-01
-9.039999999999999642e-04,-6.128882679077060804e-09,2.474183094805319436e-02
-9.020000000000000240e-04,-6.125200766235472309e-09,8.658563795740661928e-02
-8.999999999999999754e-04,-6.102047740464740983e-09,1.333029369455302759e-01
-8.980000000000000352e-04,-6.083887030907508921e-09,7.798291264975621903e-03
-8.959999999999999866e-04,-6.099630865422723605e-09,1.653329527762116280e-01
-8.940000000000000464e-04,-6.032646435550052141e-09,2.586304555984326181e-01
-8.919999999999999978e-04,-6.019475165667139207e-09,-3.522413433458207455e-02
-8.900000000000000576e-04,-6.043563228506007878e-09,4.359226809654082740e-02
-8.880000000000000089e-04,-6.005964889991650312e-09,1.898321676172368133e-01
-8.859999999999999603e-04,-5.984729746593476051e-09,8.577970694089750991e-02
-8.840000000000000201e-04,-5.979379728477056186e-09,4.881537250119921678e-02
-8.819999999999999715e-04,-5.969600707236492766e-09,1.569326960431803586e-01
-8.800000000000000313e-04,-5.930742571508184149e-09,1.488934119939343825e-01
-8.779999999999999827e-04,-5.923455114677583597e-09,8.598981980144800724e-03
-8.760000000000000425e-04,-5.928077543461856192e-09,6.553095500676429930e-02
-8.739999999999999939e-04,-5.903145520658327954e-09,1.220786091642829807e-01
-8.720000000000000537e-04,-5.890242492983711449e-09,8.762284082231011628e-02
-8.700000000000000051e-04,-5.875989128328455901e-09,1.028645660425689529e-01
-8.679999999999999565e-04,-5.858362329249247010e-09,3.476828569478036118e-02
-8.660000000000000163e-04,-5.865213613655524547e-09,1.831800408700657579e-01
-8.639999999999999677e-04,-5.801590498865914468e-09,1.398037228558564882e-01
-8.620000000000000275e-04,-5.821885130905804194e-09,1.333443595414169269e-03
-8.599999999999999789e-04,-5.801177233134203766e-09,1.187787572997112545e-01
-8.580000000000000387e-04,-5.785072782625212085e-09,1.068782162001365582e-01
-8.559999999999999901e-04,-5.768053144216182264e-09,9.938252344763842672e-02
-8.540000000000000499e-04,-5.754271786307939446e-09,1.062864092076931249e-01
-8.520000000000000013e-04,-5.735112470292693414e-09,7.103230250852306249e-02
-8.500000000000000611e-04,-5.732257194485613423e-09,6.288019747924517011e-02
-8.480000000000000124e-04,-5.715624408772419879e-09,1.382446281069062699e-01
-8.459999999999999638e-04,-5.689411912101060398e-09,1.165398571861369081e-01
-8.440000000000000236e-04,-5.679505948629908405e-09,4.175841867195721063e-03
-8.419999999999999750e-04,-5.688117719867748891e-09,1.339273712945795447e-01
-8.400000000000000348e-04,-5.637998686317341793e-09,2.454687508121360939e-01
-8.379999999999999862e-04,-5.612041143951931581e-09,3.255098321783288229e-02
-8.360000000000000460e-04,-5.627910366163703462e-09,2.073354533275621400e-02
-8.339999999999999974e-04,-5.605615327507707301e-09,1.753818183952747245e-01
-8.320000000000000572e-04,-5.573555389502687303e-09,1.140973838072776164e-01
-8.300000000000000086e-04,-5.570253847676601301e-09,2.304562504689466190e-02
-8.279999999999999600e-04,-5.566413004830068212e-09,1.169063546828117695e-01
-8.260000000000000198e-04,-5.534021801285185181e-09,1.104176895188715840e-01
-8.239999999999999712e-04,-5.532191949354211309e-09,9.777114512910430044e-02
-8.220000000000000310e-04,-5.503720209248800062e-09,1.026842114350358937e-01
-8.199999999999999824e-04,-5.500367681781465494e-09,6.044162124783014622e-02
-8.180000000000000422e-04,-5.484987920221694265e-09,1.065871937604614128e-01
-8.159999999999999936e-04,-5.467333787605755607e-09,1.060445070854563604e-01
-8.140000000000000534e-04,-5.452122217491505673e-09,1.173203767744794151e-01
-8.120000000000000048e-04,-5.430973425968574905e-09,9.878090323701277375e-02
-8.100000000000000646e-04,-5.421507677517350807e-09,8.192480386453185326e-02
-8.080000000000000160e-04,-5.405582990159665858e-09,1.235187288464265620e-01
-8.059999999999999673e-04,-5.383226299863286369e-09,1.003901463654455345e-01
-8.040000000000000271e-04,-5.374469707650576796e-09,8.103187312395823683e-02
-8.019999999999999785e-04,-5.358112604425801971e-09,1.266613501864269353e-01
-8.000000000000000383e-04,-5.335214357260040124e-09,1.288997390215369521e-01
-7.979999999999999897e-04,-5.318163524354481126e-09,5.684221821871771052e-02
-7.960000000000000495e-04,-5.317597608426500460e-09,1.865505133552104386e-02
-7.940000000000000009e-04,-5.312381882396207726e-09,1.248030505020392145e-01
-7.920000000000000607e-04,-5.278918189092549168e-09,1.334594495834125760e-01
-7.900000000000000121e-04,-5.271019640097243674e-09,3.884993280782071678e-02
-7.879999999999999635e-04,-5.266877675370129820e-09,1.022910600842496104e-01
-7.860000000000000233e-04,-5.239317219433667982e-09,1.504065678575214615e-01
-7.839999999999999747e-04,-5.220263119993965475e-09,1.213643420855444327e-01
-7.820000000000000345e-04,-5.201703537229327094e-09,1.061932660439178361e-01
-7.799999999999999859e-04,-5.187351313341551309e-09,1.045283236587003367e-01
-7.780000000000000457e-04,-5.169307735629877926e-09,5.392670279188570975e-02
-7.759999999999999971e-04,-5.170638151746591112e-09,3.527868425270105218e-02
-7.740000000000000569e-04,-5.158374036363143323e-09,1.575542964567236137e-01
-7.720000000000000083e-04,-5.121808346096799810e-09,1.141730718543472051e-01
-7.700000000000000681e-04,-5.122989099014773741e-09,8.085950684543288802e-02
-7.680000000000000195e-04,-5.096748071048794384e-09,9.150413136649043766e-02
-7.659999999999999708e-04,-5.094629802878372382e-09,7.296801739656950947e-02
-7.640000000000000306e-04,-5.074133555365919834e-09,1.187837925442751241e-01
-7.619999999999999820e-04,-5.057815894056310821e-09,7.399214280344791617e-02
-7.600000000000000418e-04,-5.051201638979263214e-09,1.209582768256478175e-01
-7.579999999999999932e-04,-5.020328061087234424e-09,1.553669970041554882e-01
-7.560000000000000530e-04,-5.003049729201364401e-09,5.800367272025753335e-02
-7.540000000000000044e-04,-5.002351350013017563e-09,1.137318240728623225e-01
-7.520000000000000642e-04,-4.967801544984444770e-09,1.241385326848503945e-01
-7.500000000000000156e-04,-4.963877880479191614e-09,5.701762823702626742e-02
-7.479999999999999670e-04,-4.950130432434425009e-09,9.116263195163995525e-02
-7.460000000000000268e-04,-4.935624423094457241e-09,8.904897585505631985e-02
-7.439999999999999782e-04,-4.922532047102486600e-09,1.298053878881621770e-01
-7.420000000000000380e-04,-4.895394661003421435e-09,9.405222462759746382e-02
-7.399999999999999894e-04,-4.893383036553242828e-09,7.216458807844718104e-02
-7.380000000000000492e-04,-4.873029147082730241e-09,1.117253318197580919e-01
-7.360000000000000006e-04,-4.858756711777545693e-09,3.860705080558278490e-02
-7.340000000000000604e-04,-4.861063908241615859e-09,9.493288663518523185e-02
-7.320000000000000118e-04,-4.829334763227616996e-09,1.570496878880350555e-01
-7.299999999999999632e-04,-4.812390492730921981e-09,1.195243816757329824e-01
-7.280000000000000230e-04,-4.792291328304593796e-09,1.207646180750013010e-01
-7.259999999999999743e-04,-4.774962679192412574e-09,7.017125864007206504e-02
-7.240000000000000342e-04,-4.770543594357285976e-09,1.245700238435444862e-01
-7.219999999999999855e-04,-4.736355480335471882e-09,4.464722058166023522e-02
-7.200000000000000453e-04,-4.756706363936818602e-09,4.564067635712948379e-02
-7.179999999999999967e-04,-4.722210354455923608e-09,1.504390367972790188e-01
-7.160000000000000565e-04,-4.710081745667707792e-09,1.061371181869892599e-01
-7.140000000000000079e-04,-4.689315949353342918e-09,1.342135041726653932e-01
-7.120000000000000677e-04,-4.668485804003694145e-09,7.759501662391368737e-02
-7.100000000000000191e-04,-4.665267417092729440e-09,8.753479925851702370e-02
-7.079999999999999705e-04,-4.641356697838310262e-09,8.681827733928072777e-02
-7.060000000000000303e-04,-4.638360378029588091e-09,8.025475543098503639e-02
-7.039999999999999817e-04,-4.616483849567600592e-09,1.533462349984990314e-01
-7.020000000000000415e-04,-4.590834750226981484e-09,1.101531271169444853e-01
-6.999999999999999929e-04,-4.582344788242070959e-09,8.142849145668078215e-02
-6.980000000000000527e-04,-4.565598133380563681e-09,1.483494731555789758e-01
-6.960000000000000041e-04,-4.536367775203739791e-09,7.897193658398124483e-02
-6.940000000000000639e-04,-4.541122861033783086e-09,6.457393331048136287e-02
-6.920000000000000153e-04,-4.516354784860060620e-09,1.089513592544204268e-01
-6.899999999999999667e-04,-4.507356256013682957e-09,1.139086347653325004e-01
-6.880000000000000265e-04,-4.481051802824583258e-09,5.195485396528441713e-02
-6.859999999999999779e-04,-4.491254217042092247e-09,6.848087979564995709e-02
-6.840000000000000377e-04,-4.459827957291011934e-09,1.477536586152406739e-01
-6.819999999999999890e-04,-4.445461861032244564e-09,8.041425676813047929e-02
-6.800000000000000488e-04,-4.434905675780658122e-09,1.352050037038863006e-01
-6.780000000000000002e-04,-4.403558630195544193e-09,1.600844815706515267e-01
-6.760000000000000600e-04,-4.385291705876704233e-09,2.736970705152447572e-02
-6.740000000000000114e-04,-4.395076110162302686e-09,6.601865519136421168e-02
-6.720000000000000712e-04,-4.364830962026788798e-09,1.755977682545107055e-01
-6.700000000000000226e-04,-4.340654205528557156e-09,9.117619036131063837e-02
-6.679999999999999740e-04,-4.336573302569979714e-09,3.643693943814906022e-02
-6.660000000000000338e-04,-4.329361535564925421e-09,1.471261570531241236e-01
-6.639999999999999852e-04,-4.290975424146664136e-09,1.241641780964235636e-01
-6.620000000000000450e-04,-4.290880117911043551e-09,5.147501831282855905e-02
-6.599999999999999964e-04,-4.275022097601074311e-09,8.865956405147273900e-02
-6.580000000000000562e-04,-4.263402420514084073e-09,6.612398734220190089e-02
-6.560000000000000076e-04,-4.254528708824490356e-09,1.203446931168827838e-01
-6.540000000000000674e-04,-4.226104751659366061e-09,1.356878141700084972e-01
-6.520000000000000188e-04,-4.212475843596622241e-09,1.224299140973352934e-01
-6.499999999999999702e-04,-4.188160823467375354e-09,1.621504574909969909e-01
-6.480000000000000300e-04,-4.162221578855039894e-09,3.137806128476716694e-02
-6.459999999999999814e-04,-4.178436019582875926e-09,6.147568554594490253e-02
-6.440000000000000412e-04,-4.143168808826516240e-09,1.729768130865999565e-01
-6.419999999999999925e-04,-4.124826410991474860e-09,6.912267194049807884e-02
-6.400000000000000524e-04,-4.121746056716573131e-09,1.186057338892544666e-01
-6.380000000000000037e-04,-4.088067686761101701e-09,1.599583110814868370e-01
-6.360000000000000635e-04,-4.072171190033560514e-09,-3.253952228040801146e-03
-6.340000000000000149e-04,-4.089076163574889695e-09,3.931811143462472097e-02
-6.319999999999999663e-04,-4.059985576673299932e-09,1.660666502393270960e-01
-6.300000000000000261e-04,-4.037608178007606286e-09,1.212146769235459831e-01
-6.279999999999999775e-04,-4.022418279245110880e-09,6.109740493369689163e-02
-6.260000000000000373e-04,-4.018672646094399898e-09,1.388000581202038231e-01
-6.239999999999999887e-04,-3.979400855952874753e-09,1.330463285793971051e-01
-6.220000000000000485e-04,-3.977438439772803210e-09,4.841679537858589732e-02
-6.199999999999999999e-04,-3.964395345080174817e-09,1.478623057252751172e-01
-6.180000000000000597e-04,-3.931612411451969584e-09,1.046639139191383044e-01
-6.160000000000000111e-04,-3.931957520849711618e-09,7.339470352072718917e-02
-6.140000000000000709e-04,-3.908865655639915759e-09,1.195771481246911544e-01
-6.120000000000000223e-04,-3.894897732355219242e-09,1.309838241439475193e-01
-6.099999999999999737e-04,-3.868270668260613922e-09,9.571932626571363900e-02
-6.080000000000000335e-04,-3.865232047549424219e-09,5.766080029293843556e-02
-6.059999999999999849e-04,-3.850400221467124353e-09,8.163052525062125531e-02
-6.040000000000000447e-04,-3.839932815648293522e-09,8.730159853152541505e-02
-6.019999999999999961e-04,-3.823343389726700516e-09,8.820923388009113686e-02
-6.000000000000000559e-04,-3.812594686230382407e-09,1.623876883178906605e-01
-5.980000000000000072e-04,-3.773015601536808219e-09,1.825434102177652118e-01
-5.960000000000000671e-04,-3.756020162754711939e-09,2.940783964795320310e-02
-5.940000000000000184e-04,-3.763901415971047583e-09,-1.016041504766307044e-02
-5.919999999999999698e-04,-3.759169115866472357e-09,1.221960594159363783e-01
-5.900000000000000296e-04,-3.726029964879968601e-09,2.031322220353800057e-01
-5.879999999999999810e-04,-3.696213632288643978e-09,4.115448947840956440e-02
-5.860000000000000408e-04,-3.713275214498410609e-09,1.620880829053487626e-01
-5.839999999999999922e-04,-3.645978698907503953e-09,1.847190671727724220e-01
-5.820000000000000520e-04,-3.656026403436407630e-09,-1.436980312867638422e-02
-5.800000000000000034e-04,-3.650432241018249644e-09,1.105445771302389080e-01
-5.780000000000000632e-04,-3.621766022486464439e-09,1.585895401141331484e-01
-5.760000000000000146e-04,-3.601281588855681284e-09,7.193650474983673271e-02
-5.740000000000000744e-04,-3.599471196987848010e-09,5.951867822276819125e-02
-5.720000000000000258e-04,-3.582835341717326968e-09,1.674411330647711527e-01
-5.699999999999999772e-04,-3.547577226660104971e-09,9.546101182298760701e-02
-5.680000000000000370e-04,-3.553249714671418198e-09,2.481869582336438534e-02
-5.659999999999999884e-04,-3.539885325386761554e-09,1.754395738226414425e-01
-5.640000000000000482e-04,-3.498876838236439978e-09,1.803461010456247349e-01
-5.619999999999999996e-04,-3.483991800032003035e-09,3.963024969733244807e-02
-5.600000000000000594e-04,-3.486594485840514842e-09,6.247021916926753793e-02
-5.580000000000000107e-04,-3.464630800493832724e-09,1.855776919449650952e-01
-5.560000000000000706e-04,-3.429079566638687742e-09,8.805366621763827117e-02
-5.540000000000000219e-04,-3.437340885176675186e-09,2.905440057982433197e-02
-5.519999999999999733e-04,-3.420074920205743967e-09,1.250075282686279043e-01
-5.500000000000000331e-04,-3.398598093343039486e-09,8.879688877292746252e-02
-5.479999999999999845e-04,-3.392554662627247129e-09,1.153328695416979549e-01
-5.460000000000000443e-04,-3.362853707239926192e-09,1.576667647099480873e-01
-5.439999999999999957e-04,-3.343690000403754364e-09,1.201264951456857549e-01
-5.420000000000000555e-04,-3.325623663101043979e-09,7.552134006518333720e-02
-5.400000000000000069e-04,-3.320284149590873692e-09,1.239352972372036871e-01
-5.380000000000000667e-04,-3.287213181042855927e-09,1.727539510841298032e-01
-5.360000000000000181e-04,-3.266743611208994346e-09,4.051815399556309844e-02
-5.340000000000000779e-04,-3.274655646088959576e-09,1.015253511331791203e-01
-5.320000000000000293e-04,-3.235278501873040024e-09,1.994150966379653611e-01
-5.299999999999999807e-04,-3.212852187653024070e-09,3.797608983398238075e-02
-5.280000000000000405e-04,-3.223508812771340058e-09,8.239678522962128049e-02
-5.259999999999999919e-04,-3.187315473647668800e-09,1.650302091354005074e-01
-5.240000000000000517e-04,-3.172362044833853230e-09,4.124177774344667258e-02
-5.220000000000000031e-04,-3.174533670566739703e-09,1.273433411277939964e-01
-5.200000000000000629e-04,-3.132895329308435946e-09,1.465216260500753209e-01
-5.180000000000000143e-04,-3.129123150610013252e-09,1.333799979023013726e-01
-5.160000000000000741e-04,-3.091557710966003395e-09,1.300472589146621227e-01
-5.140000000000000254e-04,-3.088818426962982730e-09,7.425233480536160002e-02
-5.119999999999999768e-04,-3.068545154919428207e-09,1.269888672214501968e-01
-5.100000000000000366e-04,-3.049461571291238550e-09,1.394537158039071134e-01
-5.079999999999999880e-04,-3.025325147639485894e-09,1.365835429899275866e-01
-5.060000000000000478e-04,-3.007131098500926710e-09,1.177710041368496274e-01
-5.039999999999999992e-04,-2.988825125916736153e-09,6.863195371868985317e-02
-5.020000000000000590e-04,-2.985860431582810018e-09,4.472533470781393794e-02
-5.000000000000000104e-04,-2.974963686079681639e-09,1.608801828308768223e-01
-4.980000000000000702e-04,-2.935999855024734427e-09,1.260232640774798241e-01
-4.960000000000000216e-04,-2.935906093677272154e-09,1.694064918516993701e-01
-4.939999999999999730e-04,-2.883496773490530653e-09,1.695282911288211181e-01
-4.920000000000000328e-04,-2.883365263664200134e-09,4.614405969618238373e-02
-4.899999999999999842e-04,-2.869195637199551078e-09,1.548555260835174641e-01
-4.880000000000000440e-04,-2.835371870830695053e-09,1.955072243975297108e-01
-4.859999999999999954e-04,-2.808603320866981549e-09,1.006248760293485534e-01
-4.840000000000000552e-04,-2.804185840042908019e-09,1.642671420595907539e-01
-4.820000000000000066e-04,-2.757693045477444137e-09,1.306002480953423472e-01
-4.800000000000000664e-04,-2.763709731959990399e-09,3.673288983491541926e-02
-4.780000000000000178e-04,-2.746308653480956120e-09,1.276759319891822286e-01
-4.760000000000000776e-04,-2.724139938654480931e-09,1.372484358381500791e-01
-4.740000000000000289e-04,-2.703772114659526332e-09,1.514320042147349610e-01
-4.719999999999999803e-04,-2.677207576279996396e-09,1.973901059910867506e-01
-4.700000000000000401e-04,-2.642596248754887622e-09,1.473518290210719950e-01
-4.679999999999999915e-04,-2.631539756772350307e-09,1.321347023632216400e-01
-4.660000000000000513e-04,-2.601644576975114501e-09,1.734819346245662641e-01
-4.640000000000000027e-04,-2.577773599060530645e-09,1.530205168533576021e-01
-4.620000000000000625e-04,-2.554219896935162101e-09,1.285042650214555937e-01
-4.600000000000000139e-04,-2.537947085742372318e-09,1.505536210491004723e-01
-4.580000000000000737e-04,-2.507559766294301148e-09,2.224224843390141260e-01
-4.560000000000000251e-04,-2.469013093292342464e-09,1.300496091160446843e-01
-4.539999999999999765e-04,-2.467254314264231970e-09,1.157699853358378217e-01
-4.520000000000000363e-04,-2.433133234658461975e-09,3.028598452693446741e-01
-4.499999999999999877e-04,-2.373390879777126112e-09,1.772524202765747847e-01
-4.480000000000000475e-04,-2.378198514198851609e-09,1.511933194580937778e-01
-4.459999999999999989e-04,-2.326532491458190748e-09,2.532544538545572488e-01
-4.440000000000000587e-04,-2.299708964629134351e-09,1.763836577175904308e-01
-4.420000000000000101e-04,-2.271867021078493690e-09,2.265703029228406107e-01
-4.400000000000000699e-04,-2.229489465024595715e-09,2.323469135015345521e-01
-4.380000000000000213e-04,-2.199857213128098124e-09,1.937187128525788837e-01
-4.360000000000000811e-04,-2.169451450752371883e-09,2.504244717346088556e-01
-4.340000000000000325e-04,-2.122244742000653281e-09,2.956376459765782116e-01
-4.319999999999999838e-04,-2.077826346769483056e-09,2.653907810474425144e-01
-4.300000000000000436e-04,-2.039993857377190948e-09,3.189991939945974186e-01
-4.279999999999999950e-04,-1.978960946107593941e-09,3.195549259134770059e-01
-4.260000000000000548e-04,-1.940956222239933134e-09,2.323486855609263602e-01
-4.240000000000000062e-04,-1.906950588954049407e-09,2.892358923566374918e-01
-4.220000000000000660e-04,-1.851315173227998477e-09,3.383120730086119909e-01
-4.200000000000000174e-04,-1.802099669966095304e-09,3.603348456497800223e-01
-4.179999999999999688e-04,-1.739638875738013495e-09,4.114446573528504625e-01
-4.160000000000001370e-04,-1.674583232103025372e-09,3.785273391196283255e-01
-4.140000000000000884e-04,-1.622324293920691058e-09,3.304563875516929872e-01
-4.120000000000000398e-04,-1.572166975975643224e-09,3.352818466367484262e-01
-4.099999999999999912e-04,-1.518412513808286958e-09,4.209846913839527804e-01
-4.079999999999999426e-04,-1.441693855761735241e-09,3.991366701859229704e-01
-4.060000000000001108e-04,-1.394710612487961858e-09,3.785115011133726726e-01
-4.040000000000000622e-04,-1.324384182517419907e-09,4.315937354073807741e-01
-4.020000000000000136e-04,-1.260949498424032873e-09,3.692500468337093222e-01
-3.999999999999999650e-04,-1.209944853165212152e-09,3.595091712816589347e-01
-3.980000000000001332e-04,-1.149529096963754961e-09,3.472067666723335777e-01
-3.960000000000000846e-04,-1.102337258080946909e-09,4.311187589566156664e-01
-3.940000000000000360e-04,-1.015915189344211852e-09,3.959408896414521872e-01
-3.919999999999999873e-04,-9.796258047927903094e-10,3.696349963153909846e-01
-3.899999999999999387e-04,-9.013565550361999419e-10,4.339955686647791189e-01
-3.880000000000001070e-04,-8.451203057530229272e-10,2.661334510474959725e-01
-3.860000000000000583e-04,-8.188754994013523113e-10,3.266052416847008977e-01
-3.840000000000000097e-04,-7.438976108832093695e-10,3.766041757524648537e-01
-3.819999999999999611e-04,-7.021569514311680876e-10,2.889014311053654249e-01
-3.800000000000001293e-04,-6.543602193294630458e-10,2.411093338354173277e-01
-3.780000000000000807e-04,-6.274314620201765401e-10,2.980700045695581779e-01
-3.760000000000000321e-04,-5.619812698467254267e-10,2.866844864823757111e-01
-3.739999999999999835e-04,-5.385811540783061353e-10,1.529980639317828073e-01
-3.719999999999999349e-04,-5.145635484986098273e-10,1.951453322619983166e-01
-3.700000000000001031e-04,-4.781009966842236033e-10,2.112601176726583152e-01
-3.680000000000000545e-04,-4.490890376823289088e-10,2.308566411801775964e-01
-3.660000000000000059e-04,-4.065530593997076785e-10,2.364751346405292443e-01
-3.639999999999999573e-04,-3.757997962894293031e-10,9.049457698270525763e-02
-3.620000000000001255e-04,-3.785066480621428198e-10,1.525590986012176076e-01
-3.600000000000000769e-04,-3.285181206871933418e-10,1.671982222256089834e-01
-3.580000000000000283e-04,-3.266879615529517740e-10,6.555907962818527390e-02
-3.559999999999999797e-04,-3.081998101820730636e-10,1.266645552777944106e-01
-3.539999999999999310e-04,-2.874316178287371137e-10,1.164130028427092234e-01
-3.520000000000000993e-04,-2.721206652031276951e-10,1.143133664510192354e-01
-3.500000000000000507e-04,-2.520031998642060963e-10,1.269296330022818553e-01
-3.480000000000000020e-04,-2.327821676179273244e-10,4.467215925325629389e-02
-3.459999999999999534e-04,-2.381582403591366964e-10,-1.756087793068786956e-02
-3.440000000000001217e-04,-2.382246993398774347e-10,4.759906741239557787e-02
-3.420000000000000730e-04,-2.234061627380916596e-10,1.888781101486161074e-01
-3.400000000000000244e-04,-1.796869024186102687e-10,1.473507449583372764e-01
-3.379999999999999758e-04,-1.777386792071432846e-10,-1.775324273704538547e-02
-3.359999999999999272e-04,-1.851890525471636428e-10,1.716596897415587075e-02
-3.340000000000000954e-04,-1.724185391179885522e-10,9.629490197930443141e-02
-3.320000000000000468e-04,-1.553449832043354452e-10,-2.817826787859013457e-02
-3.299999999999999982e-04,-1.811516512894948024e-10,7.040875380567451769e-02
-3.279999999999999496e-04,-1.335236438838971665e-10,1.442985452810431057e-01
-3.260000000000001178e-04,-1.364301166815394165e-10,-4.928548317305714993e-02
-3.240000000000000692e-04,-1.487983816652150379e-10,1.541520824983956019e-02
-3.220000000000000206e-04,-1.316525787798835182e-10,5.786061745982341853e-02
-3.199999999999999720e-04,-1.308660068022029547e-10,4.822800769190723619e-03
-3.180000000000001402e-04,-1.301578786698683043e-10,1.745894921282243120e-02
-3.160000000000000916e-04,-1.254550652024866666e-10,3.271424439715889254e-02
-3.140000000000000430e-04,-1.200189600125035944e-10,7.949063627298910001e-03
-3.119999999999999944e-04,-1.229914622367278313e-10,4.863066398561699533e-02
-3.099999999999999457e-04,-1.049471661963937341e-10,2.342067745288846023e-02
-3.080000000000001140e-04,-1.157328399463128717e-10,-3.803751742650110512e-02
-3.060000000000000654e-04,-1.167358931629509648e-10,-4.413076740696177808e-02
-3.040000000000000167e-04,-1.294100093039253317e-10,1.199125551209935386e-01
-3.019999999999999681e-04,-7.957215410150099910e-11,1.829295925049048144e-01
-3.000000000000001363e-04,-7.271579879685865250e-11,-2.721882007186075120e-02
-2.980000000000000877e-04,-8.800791068838007772e-11,-8.717464961845414195e-02
-2.960000000000000391e-04,-9.973328606434800628e-11,-9.600445535538817965e-02
-2.939999999999999905e-04,-1.177619637478301244e-10,1.251242705610075834e-01
-2.919999999999999419e-04,-6.095431303111102087e-11,1.152741239047710836e-01
-2.900000000000001101e-04,-8.203578430805164169e-11,-5.278163138299767077e-02
-2.880000000000000615e-04,-7.731258989357696980e-11,-2.667346865215954738e-02
-2.860000000000000129e-04,-9.030252358195335905e-11,-4.718382120442340955e-02
-2.839999999999999643e-04,-9.193597288624164032e-11,6.275276850399469364e-02
-2.820000000000001325e-04,-7.085395531725030727e-11,1.012315825779863399e-01
-2.800000000000000839e-04,-6.056190937880065906e-11,-1.492370820204731718e-02
-2.780000000000000353e-04,-7.547916572070210820e-11,-3.490009150942091371e-03
-2.759999999999999867e-04,-6.164354582026263386e-11,7.863686854346048707e-03
-2.739999999999999380e-04,-7.304202303767786881e-11,-2.881321126870301993e-02
-2.720000000000001063e-04,-7.057344197694259062e-11,-2.308562207090925078e-02
-2.700000000000000577e-04,-8.019680373473622667e-11,1.347608504654175809e-01
-2.680000000000000090e-04,-2.880786474157726119e-11,3.130266363547037911e-02
-2.659999999999999604e-04,-7.049536736634970790e-11,-9.467235047449677754e-02
-2.640000000000001287e-04,-5.814906696863976566e-11,-3.645161229327940206e-02
-2.620000000000000800e-04,-8.179258479508418393e-11,-3.579866345306915998e-02
-2.600000000000000314e-04,-6.924392009703923232e-11,9.108091452439356916e-02
-2.579999999999999828e-04,-5.356445357523511001e-11,4.153481620706004490e-02
-2.559999999999999342e-04,-5.637129746026062546e-11,4.409915673093695726e-02
-2.540000000000001024e-04,-3.989708111432372212e-11,-1.253861613680435673e-02
-2.520000000000000538e-04,-6.025731137957167561e-11,-3.415004029223277920e-02
-2.500000000000000052e-04,-5.048098690365460106e-11,2.753915542873863406e-02
-2.479999999999999566e-04,-5.172227528352925893e-11,-3.349396272278795141e-03
-2.460000000000001248e-04,-5.151904408583020315e-11,3.660976880265900263e-02
-2.440000000000000762e-04,-4.037604140910902568e-11,1.654303927945217564e-02
-2.420000000000000276e-04,-4.639196465328425198e-11,-2.583911508503812168e-02
-2.399999999999999790e-04,-4.838419476411173837e-11,-6.526710012861912380e-02
-2.379999999999999304e-04,-6.661978380057950108e-11,1.393836668486035379e-01
-2.360000000000000986e-04,-5.185897313427408417e-12,5.179568675245548731e-02
-2.340000000000000500e-04,-5.056707451560853698e-11,-1.074654126600154830e-01
-2.320000000000000014e-04,-3.849197231281373747e-11,9.180817616778474965e-02
-2.299999999999999527e-04,-2.211354769880032750e-11,-1.170929765277783918e-02
-2.280000000000001210e-04,-4.212096080464517929e-11,-5.315140498951910486e-02
-2.260000000000000724e-04,-3.858642615415817171e-11,-2.390767572431942711e-02
-2.240000000000000237e-04,-4.953051538621390038e-11,4.980383620102696307e-03
-2.219999999999999751e-04,-3.704288738879154277e-11,-1.187349591944584018e-02
-2.200000000000001434e-04,-5.321039280732163755e-11,-2.312734570535148956e-02
-2.180000000000000947e-04,-4.421059922772289219e-11,-1.622400632948182118e-03
-2.160000000000000461e-04,-5.371321316433245800e-11,1.179989237566682683e-02
-2.139999999999999975e-04,-4.055353328696303159e-11,6.425132300503041960e-02
-2.119999999999999489e-04,-3.380020739022862441e-11,1.158351489172017024e-01
-2.100000000000001171e-04,-4.653478916852378266e-12,-2.542319287706401934e-02
-2.080000000000000685e-04,-4.167945660845761950e-11,-4.691886982800637373e-02
-2.060000000000000199e-04,-1.919474720678888533e-11,-3.284619058597623015e-02
-2.039999999999999713e-04,-5.185926851279226755e-11,-1.072367903733380257e-01
-2.020000000000001395e-04,-5.242996674823806848e-11,1.552297314847785326e-01
-2.000000000000000909e-04,-3.749900568304214405e-12,9.135307114152761698e-02
-1.980000000000000423e-04,-2.411748775102062655e-11,-4.407724341057947526e-02
-1.959999999999999937e-04,-1.741048157256977128e-11,-4.832331709204717995e-02
-1.939999999999999451e-04,-3.909402749017039887e-11,-1.217774318666013933e-01
-1.920000000000001133e-04,-5.515219007754826874e-11,8.079595493235608786e-03
-1.900000000000000647e-04,-3.658996960957453321e-11,1.565205355649670893e-01
-1.880000000000000161e-04,-6.642771396364214433e-12,1.057987690805568676e-01
-1.859999999999999674e-04,-3.800426903515993415e-12,-7.488017868418275769e-02
-1.840000000000001357e-04,-2.984991112151873792e-11,-1.151715749414144313e-01
-1.820000000000000871e-04,-3.949482399229221818e-11,-2.377846365119389363e-02
-1.800000000000000384e-04,-3.721941982328462012e-11,6.627974396328341344e-02
-1.779999999999999898e-04,-1.895316255220556548e-11,-7.280677443868158530e-03
-1.759999999999999412e-04,-3.947587409065874167e-11,1.877514444999860144e-02
-1.740000000000001094e-04,-1.313430089525824409e-11,-2.609300934436352068e-02
-1.720000000000000608e-04,-4.756271528609639488e-11,-3.950370258554649489e-02
-1.700000000000000122e-04,-2.537743334597649369e-11,4.068744069244478040e-02
-1.679999999999999636e-04,-3.495271437796371070e-11,3.096764370283594872e-02
-1.660000000000001318e-04,-1.577982758435741367e-11,-8.417326404914793683e-03
-1.640000000000000832e-04,-3.756144306189661667e-11,-1.628471598320155311e-02
-1.620000000000000346e-04,-2.082684651309986171e-11,4.489956162796553824e-02
-1.599999999999999860e-04,-2.364600617848165121e-11,6.948289931455336327e-03
-1.579999999999999374e-04,-1.867340700315568513e-11,7.281615786180309184e-03
-1.560000000000001056e-04,-2.138926109661451122e-11,-1.131262020643642244e-02
-1.540000000000000570e-04,-2.217945576534770180e-11,-1.024775370851585023e-02
-1.520000000000000084e-04,-2.456528252660581804e-11,-5.456288637741522896e-02
-1.499999999999999598e-04,-3.908978571139682332e-11,1.102851995368822613e-01
-1.480000000000001280e-04,9.614711167899586035e-12,6.672262696048285313e-02
-1.460000000000000794e-04,-1.841086434781896773e-11,-1.736513417029455220e-01
-1.440000000000000308e-04,-4.420394980723552852e-11,6.048604333078148182e-02
-1.419999999999999821e-04,3.351921342280316830e-13,7.298134388901196534e-02
-1.400000000000001504e-04,-2.158530392891867037e-11,-4.406168420404141944e-02
-1.380000000000001018e-04,-1.332056670365402004e-11,5.072369531004604359e-02
-1.360000000000000531e-04,-5.864830165074936360e-12,-4.114970616439759393e-02
-1.340000000000000045e-04,-2.607383462298030245e-11,-8.645233779152559916e-02
-1.319999999999999559e-04,-3.265845590088493202e-11,2.093435394527679710e-02
-1.300000000000001241e-04,-1.958578283676832260e-11,7.411839831896295527e-02
-1.280000000000000755e-04,-9.687409941610582552e-12,-1.210021803450507180e-02
-1.260000000000000269e-04,-2.333592680765823004e-11,-1.612219441276276435e-02
-1.239999999999999783e-04,-1.468405958892499077e-11,-2.462036010962980262e-02
-1.220000000000001465e-04,-3.096635914887227257e-11,-5.397100846535945323e-02
-1.200000000000000979e-04,-3.141095256077239273e-11,7.263516110162092365e-02
-1.180000000000000493e-04,-8.455003510229657233e-12,1.412854812414936490e-01
-1.160000000000000007e-04,1.237676218462873888e-11,-8.649745065055130036e-03
-1.139999999999999521e-04,-1.113576423809021217e-11,-5.235409627171397351e-02
-1.120000000000001203e-04,-3.849011427459584786e-12,-5.826197041078155087e-02
-1.100000000000000717e-04,-2.919252788029397954e-11,-8.887552752810470857e-02
-1.080000000000000231e-04,-3.139364101750105047e-11,6.180204490796802758e-02
-1.059999999999999745e-04,-1.003861136082497153e-11,1.086434804898979839e-01
-1.040000000000001427e-04,2.277545086240986392e-12,-1.582471349554842588e-02
-1.020000000000000941e-04,-1.494306463077416313e-11,4.241442107339207616e-03
-1.000000000000000454e-04,3.592068386677308235e-12,-3.078992273106403998e-02
-9.799999999999999684e-05,-2.448559045673864941e-11,-1.616659254320526318e-01
-9.599999999999994822e-05,-4.651202840137261975e-11,9.332664091378123361e-02
-9.400000000000011645e-05,4.438544525629428279e-12,1.346581316946991180e-01
-9.200000000000006783e-05,-4.778286144328737869e-12,1.085742613436020514e-03
-9.000000000000001922e-05,4.775041860148895500e-12,-5.464223613281320949e-04
-8.799999999999997061e-05,-4.947635367462628340e-12,-9.745531435094455242e-02
-8.600000000000013883e-05,-2.542866674263498161e-11,-3.986899250385905064e-02
-8.400000000000009022e-05,-1.730397980996768575e-11,7.358829346077036537e-02
-8.200000000000004161e-05,-2.621912826049641405e-12,1.151809059309377714e-02
-7.999999999999999299e-05,-1.373425091163869505e-11,-1.329823843534118713e-02
-7.799999999999994438e-05,-6.743351675295220373e-12,1.043922777147431339e-03
-7.600000000000011260e-05,-1.341071453422399774e-11,-7.148952811825015630e-02
-7.400000000000006399e-05,-2.889964853622059021e-11,2.483982055952342616e-02
-7.200000000000001538e-05,-5.712266205140305588e-12,3.402747241815127360e-02
-6.999999999999996676e-05,-1.835372943214619432e-11,-2.613926531743123740e-04
-6.800000000000013499e-05,-5.793277975306287625e-12,4.497154962109203846e-02
-6.600000000000008638e-05,-4.415981765767968597e-12,2.567292859103961419e-02
-6.400000000000003776e-05,2.163370251711572844e-12,-3.067481406873942204e-02
-6.199999999999998915e-05,-1.392283269275271270e-11,-9.068274123417445487e-02
-5.999999999999994053e-05,-2.594135764107128635e-11,-5.706021330085953719e-02
-5.800000000000010876e-05,-3.160714336200749763e-11,5.950220428046827659e-02
-5.600000000000006015e-05,-7.500216167358020358e-12,1.028040707928619263e-01
-5.400000000000001153e-05,2.542714627014346573e-13,-2.514006008292465552e-02
-5.199999999999996292e-05,-1.529171583116107446e-11,-8.404982527487361160e-03
-5.000000000000013115e-05,-2.350631561446149832e-12,3.006841078380424401e-02
-4.800000000000008253e-05,-5.972803635236424934e-12,6.309065976823264622e-03
-4.600000000000003392e-05,-3.953026849365163688e-13,1.573389334710872944e-02
-4.399999999999998530e-05,-1.096497678928254772e-12,-6.588733997131666908e-02
-4.200000000000015353e-05,-2.081534884003663931e-11,-1.722427409771036533e-02
-4.000000000000010492e-05,-6.434707905904342665e-12,1.571804436679542782e-03
-3.800000000000005630e-05,-2.032820944181893611e-11,-3.548270594371207010e-02
-3.600000000000000769e-05,-1.743163832370519705e-11,8.365816614761781289e-02
-3.399999999999995907e-05,5.599436365848311746e-12,5.873647448978179531e-02
-3.200000000000012730e-05,7.721853636931898716e-13,-2.753429497656571107e-02
-3.000000000000007869e-05,-2.934093361022315339e-12,-8.431168769229507864e-02
-2.800000000000003007e-05,-2.535800223897555215e-11,-2.583872552781330684e-02
-2.599999999999998146e-05,-1.094212598302056783e-11,3.883936132618866222e-02
-2.400000000000014969e-05,-1.332076486893070146e-11,1.237908948322958280e-01
-2.200000000000010107e-05,2.742360235200777186e-11,6.432091478042419042e-02
-2.000000000000005246e-05,6.613809043546526212e-12,-6.628011577801989906e-02
-1.800000000000000384e-05,6.881825677733736905e-12,2.830056862372877513e-02
-1.599999999999995523e-05,1.538482511072713303e-11,-6.703352603370024698e-02
-1.400000000000012346e-05,-1.389345066735830913e-11,-6.046379785192309425e-02
-1.200000000000007484e-05,-3.354336970884521082e-12,6.679119251855301920e-02
-1.000000000000002623e-05,6.806720785564089951e-12,4.594738128496017593e-02
-7.999999999999977615e-06,1.088584402524420073e-11,-8.427351252412401683e-02
-6.000000000000145842e-06,-1.931163542890914458e-11,-3.793124129935582234e-02
-4.000000000000097228e-06,-8.699454540398587731e-13,2.085649121510939341e-02
-2.000000000000048614e-06,-1.284771514571897736e-11,-6.272145919105724492e-03
0.000000000000000000e+00,-2.813831930796072967e-12,1.045969162789697898e-01
2.000000000000048614e-06,1.956934493028146330e-11,6.105164684621571664e-02
3.999999999999880387e-06,1.610751846804588566e-11,-4.566882418070137423e-02
5.999999999999929001e-06,5.415495373975195774e-12,-8.169372939263083722e-02
7.999999999999977615e-06,-9.211301892683015590e-12,-5.948445611469184435e-02
1.000000000000002623e-05,-1.302014552307754648e-11,1.734614091933505547e-02
1.199999999999985800e-05,-3.835322253197851113e-12,4.361564933809145006e-02
1.399999999999990662e-05,4.973765525787536085e-13,7.693423028424249688e-02
1.599999999999995523e-05,2.000841668049555391e-11,-4.253815699428021430e-02
1.800000000000000384e-05,-1.268620514239300995e-11,1.317136532634204625e-02
2.000000000000005246e-05,2.409053455028237973e-11,-1.924975109548108382e-02
2.199999999999988423e-05,-1.865215863231244098e-11,-1.374065328415436694e-02
2.399999999999993285e-05,1.983198086781078728e-11,5.016384107666540387e-02
2.599999999999998146e-05,-3.105196946672794822e-12,-3.997604662526581948e-02
2.800000000000003007e-05,7.442457819196866078e-12,3.890601478991814743e-02
2.999999999999986185e-05,8.952697909412485373e-12,9.444334449953094290e-04
3.199999999999991046e-05,7.735160097746924789e-12,2.654630019307239325e-02
3.399999999999995907e-05,1.718002466787249607e-11,-5.985162663289914781e-02
3.600000000000000769e-05,-1.081427563351600509e-11,-7.054738860643468279e-02
3.800000000000005630e-05,-4.684280858690650720e-12,1.322360430024380473e-01
3.999999999999988808e-05,3.016880400899479948e-11,2.918692132708170309e-02
4.199999999999993669e-05,4.361436890475920653e-12,-1.122480999030111143e-01
4.399999999999998530e-05,-4.619538969185491139e-12,-1.745397854931685869e-03
4.600000000000003392e-05,3.820496783131486207e-12,1.049191402739497736e-01
4.799999999999986569e-05,2.789738594962708717e-11,2.958045749301923752e-02
4.999999999999991430e-05,1.298818070479492054e-11,-5.819837888743663312e-02
5.199999999999996292e-05,9.860330825668407093e-12,8.113088003589147279e-03
5.400000000000001153e-05,1.550261870708531014e-11,-2.918907987265444495e-02
5.599999999999984331e-05,8.139440921335105643e-13,-5.834632760135211732e-02
5.799999999999989192e-05,-2.580289225135355164e-12,8.317942172891180583e-03
5.999999999999994053e-05,3.391871250216711304e-12,8.889699570955295060e-02
6.199999999999998915e-05,2.497099386247074517e-11,6.920229518891288234e-02
6.400000000000003776e-05,2.483930048945852829e-11,-7.575623108684530205e-02
6.599999999999986953e-05,1.492344762306016456e-12,-1.050187538453314917e-01
6.799999999999991815e-05,-7.708497032894966408e-12,-5.806574752394715044e-02
6.999999999999996676e-05,-1.650360476283431102e-11,1.168832430677358147e-01
7.200000000000001538e-05,2.851638652197873194e-11,1.555871152950032144e-01
7.399999999999984715e-05,3.171652488341613564e-11,-4.256074907287759473e-02
7.599999999999989576e-05,1.532580300711270405e-11,-5.431869480549213897e-02
7.799999999999994438e-05,1.488187568531537110e-11,-8.364063951108488548e-02
7.999999999999999299e-05,-1.059641088105222304e-11,2.316187086488382882e-02
8.200000000000004161e-05,2.206028768837044541e-11,9.824912919877076822e-02
8.399999999999987338e-05,1.985331973200857603e-11,2.189739030484005866e-02
8.599999999999992199e-05,2.884680723667609092e-11,-5.273855793799134967e-02
8.799999999999997061e-05,3.508392349658655016e-12,-5.470717861953236505e-02
9.000000000000001922e-05,1.189175770951870547e-11,-3.562776803351307142e-02
9.199999999999985099e-05,-7.533496243265729586e-12,2.458119082827349769e-02
9.399999999999989961e-05,1.951005056334417535e-11,1.486895263919290888e-01
9.599999999999994822e-05,3.854890734178471646e-11,-3.856822993133147970e-02
9.799999999999999684e-05,7.556843230019097881e-12,-7.129376854198836433e-02
1.000000000000000454e-04,1.645328100700735970e-11,9.031195459322008401e-02
1.019999999999998772e-04,3.554665556655924404e-11,-7.036210908879867408e-03
1.039999999999999258e-04,1.427259270513937838e-11,-1.063318001510977495e-01
1.059999999999999745e-04,2.591913915342382261e-12,-8.244130744848867168e-03
1.080000000000000231e-04,1.171754145566099167e-11,3.517944087128904024e-02
1.099999999999998548e-04,1.349485530917002231e-11,3.511224905568047228e-02
1.119999999999999035e-04,2.259965851545769354e-11,4.110061780619740646e-02
1.139999999999999521e-04,2.623290958440986418e-11,-6.569451026204391197e-02
1.160000000000000007e-04,2.239374851375274557e-12,-1.959952790587793370e-02
1.180000000000000493e-04,2.015855198201621371e-11,5.731797713839108244e-02
1.199999999999998811e-04,2.000357263493586618e-11,-3.795511313689469562e-02
1.219999999999999297e-04,8.395364055246001053e-12,1.133494667271133238e-01
1.239999999999999783e-04,5.513325526033302204e-11,5.625636496613061269e-03
1.260000000000000269e-04,1.013888195963677129e-11,-1.569668894882419452e-01
1.279999999999998587e-04,6.485500933501814752e-12,5.351919967912325410e-02
1.299999999999999073e-04,2.672574869469943567e-11,1.757879555186982537e-02
1.319999999999999559e-04,1.193358575035093119e-11,-1.567855700904930219e-02
1.340000000000000045e-04,2.186659277932052228e-11,6.652198792344472811e-02
1.360000000000000531e-04,3.255032432740263561e-11,3.177613776771119787e-03
1.379999999999998849e-04,2.285141050019297598e-11,-6.734831600649403283e-02
1.399999999999999335e-04,1.167748711892330959e-11,5.648940906920840374e-03
1.419999999999999821e-04,2.460215099293394402e-11,1.083622999877597998e-01
1.440000000000000308e-04,4.526152872974726403e-11,-9.095400468243121372e-03
1.459999999999998625e-04,2.178327110734132746e-11,-3.831656966808697634e-02
1.479999999999999111e-04,3.338631686859313847e-11,-4.062229248408095322e-02
1.499999999999999598e-04,9.193461170983961949e-12,-6.944526502283884795e-02
1.520000000000000084e-04,1.186358552692578893e-11,1.241239714668159605e-02
1.539999999999998401e-04,1.304035683775468658e-11,7.676767009979564016e-02
1.559999999999998888e-04,3.565570351712048109e-11,7.843946872327690889e-02
1.579999999999999374e-04,3.735060479143431771e-11,-2.397992699300967312e-02
1.599999999999999860e-04,2.822375655725781448e-11,-6.992760780934401121e-02
1.620000000000000346e-04,1.567838400358042419e-11,-1.374956199623931785e-01
1.639999999999998664e-04,-1.438939047491285141e-11,1.239742736337473561e-01
1.659999999999999150e-04,5.410094576960678240e-11,1.623674099473544352e-01
1.679999999999999636e-04,3.593211296797834303e-11,-7.603945349570020475e-03
1.700000000000000122e-04,5.174430312677586846e-11,-2.627001659468634204e-02
1.719999999999998440e-04,2.779041303606362496e-11,-9.926895996001618150e-02
1.739999999999998926e-04,2.097850282227329194e-11,-1.790104641678136321e-02
1.759999999999999412e-04,2.224245504877113847e-11,2.755959256047177050e-03
1.779999999999999898e-04,2.183263982696292065e-11,8.505820086383518441e-02
1.800000000000000384e-04,4.860400475263986818e-11,2.957016674741654375e-02
1.819999999999998702e-04,3.099713440299982515e-11,-5.948717414570893480e-02
1.839999999999999188e-04,3.016752147344422425e-11,-5.926040550709657517e-02
1.859999999999999674e-04,1.263093209233053906e-11,1.318478604866288491e-02
1.880000000000000161e-04,3.425379874273550780e-11,4.296645721908976673e-02
1.899999999999998478e-04,2.594725416447985933e-11,3.468166256023624133e-02
1.919999999999998964e-04,4.500246685597556606e-11,2.218149424216588061e-02
1.939999999999999451e-04,3.282182424746349025e-11,5.327747640187165817e-02
1.959999999999999937e-04,6.151441782602934497e-11,-1.145649429817741094e-02
1.980000000000000423e-04,2.927118549886163997e-11,-1.112018604117377407e-01
1.999999999999998741e-04,2.705032922980321312e-11,3.057709323694237508e-02
2.019999999999999227e-04,3.874775042710346679e-11,2.656288656401232726e-02
2.039999999999999713e-04,3.528279649720298112e-11,-3.095305327990104799e-02
2.060000000000000199e-04,2.915466658289132955e-11,-2.184729028109403531e-03
2.079999999999998517e-04,3.460569726068972603e-11,2.381939787702264805e-02
2.099999999999999003e-04,3.653686177011949796e-11,-2.963659516819196899e-02
2.119999999999999489e-04,2.542061494475391624e-11,3.836308699489734877e-03
2.139999999999999975e-04,3.772582463829581474e-11,2.746586466109083094e-02
2.160000000000000461e-04,3.393293649717137653e-11,4.207177908489346391e-02
2.179999999999998779e-04,5.076486478037232701e-11,8.121173788097152402e-02
2.199999999999999265e-04,5.910237628010055470e-11,-7.342334719309910607e-02
2.219999999999999751e-04,2.800923161627790745e-11,-8.563017085099597359e-02
2.240000000000000237e-04,3.256355953916155904e-11,5.072474105064112698e-02
2.259999999999998555e-04,4.373002947988229676e-11,6.580360855413895475e-03
2.279999999999999041e-04,3.460296911986600278e-11,4.453486390387450221e-03
2.299999999999999527e-04,4.511027032254533505e-11,3.475629958476669779e-02
2.320000000000000014e-04,4.537476901360134450e-11,2.142077533147606835e-02
2.339999999999998331e-04,5.174907560952756176e-11,2.379284231989337028e-02
2.359999999999998817e-04,5.274873400512721262e-11,4.046457636953782952e-03
2.379999999999999304e-04,5.300316860747281248e-11,-3.206680367483186189e-02
2.399999999999999790e-04,4.281047255198970713e-11,4.150781503972690578e-02
2.420000000000000276e-04,6.586742294339992725e-11,8.175756833631121767e-02
2.439999999999998594e-04,6.814907811238023084e-11,-7.803964261355797460e-02
2.459999999999999080e-04,4.168109056466854524e-11,-8.623810634314664492e-02
2.479999999999999566e-04,4.142184777310129937e-11,7.992270523486368072e-02
2.500000000000000052e-04,6.645102862025123592e-11,-1.108439024160870695e-03
2.519999999999998370e-04,4.107831628369870894e-11,-6.540203253429772469e-03
2.539999999999998856e-04,6.442406483090145424e-11,2.411781512840755967e-02
2.559999999999999342e-04,4.855299804041751337e-11,-9.197535965407091507e-02
2.579999999999999828e-04,3.591872389460047564e-11,-8.365832188810084016e-03
2.600000000000000314e-04,4.596022863288459589e-11,1.641925879414608547e-01
2.619999999999998632e-04,8.680589319828914778e-11,9.644553271458461419e-02
2.639999999999999118e-04,7.585098200587295642e-11,-7.727557177035278280e-02
2.659999999999999604e-04,6.285636445878392454e-11,-7.119006972431958513e-02
2.680000000000000090e-04,5.378749438915505831e-11,8.728346448278398451e-02
2.699999999999998408e-04,8.990757602827918488e-11,3.181397181569715210e-02
2.719999999999998894e-04,6.364739726482167710e-11,-3.557762063351047055e-02
2.739999999999999380e-04,7.888122930155883349e-11,4.820045921958899388e-02
2.759999999999999867e-04,7.858586044135401419e-11,7.093796169126142213e-03
2.780000000000000353e-04,8.107976463856761198e-11,-2.875189475449413737e-02
2.799999999999998671e-04,6.967496772374081889e-11,3.524136165606731107e-04
2.819999999999999157e-04,8.118898595967649841e-11,8.051871911178493102e-02
2.839999999999999643e-04,9.462962458692922503e-11,4.867507759240024406e-02
2.860000000000000129e-04,9.627454460376124243e-11,-5.000005363983128781e-02
2.879999999999998447e-04,7.913342450467841566e-11,1.265337164461443308e-02
2.899999999999998933e-04,1.001961239711092555e-10,1.125209994929251833e-01
2.919999999999999419e-04,1.140063455250771332e-10,-4.300103912992265381e-02
2.939999999999999905e-04,8.686908414627057465e-11,-3.422207809279845248e-02
2.960000000000000391e-04,1.034001135162767340e-10,9.357148988881466845e-02
2.979999999999998709e-04,1.158691036213794353e-10,-2.270575034607148681e-03
2.999999999999999195e-04,1.026964085704454113e-10,-2.085399898358882703e-02
3.019999999999999681e-04,1.094059557397265137e-10,6.248485480279537818e-02
3.040000000000000167e-04,1.220619440378580669e-10,5.492478916415310941e-02
3.059999999999998485e-04,1.264284479253206663e-10,5.428206152144768315e-02
3.079999999999998971e-04,1.388852397141543397e-10,-1.686803108390396875e-03
3.099999999999999457e-04,1.259056677168178078e-10,-4.208364223751309002e-02
3.119999999999999944e-04,1.258425229002871941e-10,4.201074923186522841e-02
3.140000000000000430e-04,1.389257932629184530e-10,1.260658480650769797e-01
3.159999999999998747e-04,1.649133130883803924e-10,3.731845409733429431e-02
3.179999999999999234e-04,1.504916654841385893e-10,-5.635505779887027555e-02
3.199999999999999720e-04,1.474475467996302352e-10,1.487337238477768331e-01
3.220000000000000206e-04,1.965877669068729306e-10,1.011565567939971960e-01
3.239999999999998524e-04,1.787983580408241432e-10,-7.149053282704355416e-02
3.259999999999999010e-04,1.744311586629142480e-10,5.387909503670692407e-02
3.279999999999999496e-04,1.954967648656211074e-10,3.900284549472488732e-02
3.299999999999999982e-04,1.865190636463202612e-10,9.778558493479320990e-02
3.319999999999998300e-04,2.258028321395629386e-10,1.007406508125771732e-01
3.339999999999998786e-04,2.177409757797144200e-10,-1.424749034701771298e-02
3.359999999999999272e-04,2.213871976548934198e-10,1.866795399185634530e-01
3.379999999999999758e-04,2.755973837483777054e-10,1.679830747859176465e-01
3.400000000000000244e-04,2.734491285493249940e-10,2.351285806870547640e-02
3.419999999999998562e-04,2.828845749934678268e-10,7.570778162890906549e-02
3.439999999999999048e-04,2.969127620157202479e-10,8.820966114179833173e-02
3.459999999999999534e-04,3.102228368298949005e-10,1.265361464571439221e-01
3.480000000000000020e-04,3.361293088070864258e-10,1.994959569490336870e-01
3.499999999999998338e-04,3.720513557901220011e-10,1.829923376952408975e-01
3.519999999999998824e-04,3.928429655337578677e-10,9.652257407709446957e-02
3.539999999999999310e-04,4.019659861048637594e-10,1.670880882133733980e-01
3.559999999999999797e-04,4.446275189057775265e-10,1.932418589748262638e-01
3.580000000000000283e-04,4.618562120736426550e-10,2.468362418126053559e-01
3.599999999999998600e-04,5.211279126499984455e-10,2.273083644092279698e-01
3.619999999999999087e-04,5.323044544021015548e-10,1.731292606550956514e-01
3.639999999999999573e-04,5.747847683511850260e-10,2.908489371993676631e-01
3.660000000000000059e-04,6.224454241902181449e-10,2.963471275995675502e-01
3.679999999999998377e-04,6.666297574818674853e-10,3.101131518468721038e-01
3.699999999999998863e-04,7.185568300653709370e-10,2.991237966342943921e-01
3.719999999999999349e-04,7.593353020678399002e-10,2.167553215241426190e-01
3.739999999999999835e-04,7.857344346220903798e-10,3.340609183817628836e-01
3.760000000000000321e-04,8.628686876156777289e-10,3.813897816326374257e-01
3.779999999999998639e-04,9.039361551258091229e-10,3.110370509468424749e-01
3.799999999999999125e-04,9.592664316898275830e-10,3.915099753745626687e-01
3.819999999999999611e-04,1.025274363206637714e-09,3.817494129379409573e-01
3.840000000000000097e-04,1.077579610447233019e-09,3.507794317880139623e-01
3.859999999999998415e-04,1.133989211772235627e-09,3.917955278218840931e-01
3.879999999999998901e-04,1.199006317990267223e-09,4.192885384642459634e-01
3.899999999999999387e-04,1.263936654049811602e-09,3.747157387605801748e-01
3.919999999999999873e-04,1.315139594638948923e-09,3.761404349770291478e-01
3.940000000000000360e-04,1.380511477777333846e-09,4.133626245613526429e-01
3.959999999999998677e-04,1.443250455936607524e-09,3.110038350658462791e-01
3.979999999999999163e-04,1.476898927463766146e-09,3.552473266529965201e-01
3.999999999999999650e-04,1.553350010872187986e-09,4.277741381552583322e-01
4.020000000000000136e-04,1.609476257932603916e-09,3.536802206679341976e-01
4.039999999999998453e-04,1.662963882570909739e-09,3.714076276168818969e-01
4.059999999999998940e-04,1.724584272637635835e-09,3.990985685153949358e-01
4.079999999999999426e-04,1.786653975281707580e-09,2.958562784280985847e-01
4.099999999999999912e-04,1.816277135992096867e-09,3.036694743703020616e-01
4.120000000000000398e-04,1.880768332990442494e-09,3.184893129317404314e-01
4.139999999999998716e-04,1.914984512444149933e-09,2.870725909183822755e-01
4.159999999999999202e-04,1.969738923683134598e-09,3.142919759488649878e-01
4.179999999999999688e-04,2.012391034817770948e-09,3.185008508324198573e-01
4.200000000000000174e-04,2.068449876003702391e-09,2.503776796668771842e-01
4.219999999999998492e-04,2.089989003975898031e-09,2.234431629719623169e-01
4.239999999999998978e-04,2.137700200920689071e-09,2.385055656716508210e-01
4.259999999999999464e-04,2.163907524003939157e-09,2.556993450852191319e-01
4.279999999999999950e-04,2.216947480151311004e-09,2.928338608232264884e-01
4.299999999999998268e-04,2.254663668604561361e-09,2.265922313822597844e-01
4.319999999999998754e-04,2.287173775904449659e-09,1.831698907539073551e-01
4.339999999999999240e-04,2.311432353226650080e-09,2.276715282681440744e-01
4.359999999999999726e-04,2.357734571308579229e-09,2.255612929717088766e-01
4.380000000000000213e-04,2.381339136764917577e-09,1.583197635292167005e-01
4.399999999999998530e-04,2.406801613322096242e-09,1.775993999550687652e-01
4.419999999999999016e-04,2.436381394439605326e-09,1.564237177505365117e-01
4.439999999999999503e-04,2.455281025870991965e-09,1.724378182000250448e-01
4.459999999999999989e-04,2.489823955758103514e-09,1.879981562836167963e-01
4.479999999999998306e-04,2.513546104261725369e-09,2.037599569652184528e-01
4.499999999999998793e-04,2.552973989248646946e-09,1.493734261541330988e-01
4.519999999999999279e-04,2.559840464570415770e-09,9.594871492864238960e-02
4.539999999999999765e-04,2.582710767030519606e-09,2.351587265264718229e-01
4.560000000000000251e-04,2.632721719930494695e-09,1.954659986442002506e-01
4.579999999999998569e-04,2.643290306526356569e-09,1.229623401462321408e-01
4.599999999999999055e-04,2.670830659557115105e-09,1.551465878207587967e-01
4.619999999999999541e-04,2.691373906281421372e-09,9.311500283110500653e-02
4.640000000000000027e-04,2.699689202888375696e-09,9.457319830896764035e-02
4.659999999999998345e-04,2.720684378905531097e-09,1.630817701424810418e-01
4.679999999999998831e-04,2.750232103464040263e-09,1.578112105747949689e-01
4.699999999999999317e-04,2.769593808321454042e-09,1.751063492836688884e-01
4.719999999999999803e-04,2.804501705727248953e-09,1.128467066255831458e-01
4.740000000000000289e-04,2.804567673691477662e-09,7.536525404700333830e-02
4.759999999999998607e-04,2.827859181788669156e-09,1.469160121145721976e-01
4.779999999999999093e-04,2.850100423224379104e-09,2.065393565883369420e-01
4.799999999999999580e-04,2.891870617008473743e-09,1.259349257560744284e-01
4.820000000000000066e-04,2.889130637490094850e-09,5.872489873426083723e-02
4.839999999999998383e-04,2.910070853095243186e-09,1.075068806908501956e-01
4.859999999999998870e-04,2.922449564413747322e-09,2.866983949593407757e-02
4.879999999999999356e-04,2.918956314946051532e-09,1.722667247409742086e-01
4.899999999999999842e-04,2.975839099819646974e-09,1.958012375291948715e-01
4.920000000000000328e-04,2.979639752907169880e-09,5.733243509768713719e-02
4.939999999999998646e-04,2.993607778466998993e-09,1.620020506415145722e-01
4.959999999999999132e-04,3.029848022853432424e-09,1.868555489738619735e-01
4.979999999999999618e-04,3.051518735807885461e-09,9.097238842662597191e-02
5.000000000000000104e-04,3.058042519266861940e-09,3.471261504513587642e-02
5.019999999999998422e-04,3.062276996828813048e-09,1.678983931826980025e-01
5.039999999999998908e-04,3.110078205328114677e-09,1.832520889938728526e-01
5.059999999999999394e-04,3.119071156631030534e-09,2.420695166375724447e-02
5.079999999999999880e-04,3.117580512606925357e-09,1.234771922138417077e-01
5.099999999999998198e-04,3.157339661099514022e-09,1.537904745549080465e-01
5.119999999999998684e-04,3.165243820762834417e-09,9.630561439604666193e-03
5.139999999999999170e-04,3.160324400036947116e-09,1.057628086916746757e-01
5.159999999999999656e-04,3.198022218493226459e-09,2.178564864778027022e-01
5.180000000000000143e-04,3.227843281676455243e-09,1.378110131281700679e-01
5.199999999999998460e-04,3.240733113332567001e-09,7.143772251074870239e-02
5.219999999999998946e-04,3.249983522753418677e-09,8.403781910219290663e-02
5.239999999999999433e-04,3.266778422576923782e-09,9.223818385074998571e-02
5.259999999999999919e-04,3.278570319129098301e-09,1.304477547937940018e-01
5.279999999999998236e-04,3.307207269376297790e-09,1.353363788988345973e-01
5.299999999999998723e-04,3.320514266248249478e-09,1.035943792151724496e-01
5.319999999999999209e-04,3.339313619487017446e-09,8.215591080733071483e-02
5.339999999999999695e-04,3.345976327568839715e-09,9.006452535968542672e-02
5.360000000000000181e-04,3.367226747647645536e-09,1.076721500606417636e-01
5.379999999999998499e-04,3.379346475381980873e-09,8.927958235365933415e-02
5.399999999999998985e-04,3.394896603391762785e-09,1.586138645405285874e-01
5.419999999999999471e-04,3.428504666260030059e-09,1.392313563552416145e-01
5.439999999999999957e-04,3.438047696215503759e-09,4.556977424206037908e-02
5.459999999999998275e-04,3.442627817895922947e-09,1.253029285341598353e-01
5.479999999999998761e-04,3.476882039583305369e-09,1.355284152600582104e-01
5.499999999999999247e-04,3.484631281628761335e-09,4.347102355468424051e-02
5.519999999999999733e-04,3.490354738705514525e-09,9.551108974151731323e-02
5.540000000000000219e-04,3.514232429006923395e-09,2.189267988006866894e-01
5.559999999999998537e-04,3.558205335467272944e-09,1.133203826555163884e-01
5.580000000000001192e-04,3.549353097790126306e-09,4.234106291297418112e-02
5.599999999999999509e-04,3.571327833041389632e-09,1.150353351107662875e-01
5.619999999999997827e-04,3.585005270930701885e-09,9.034271797663084858e-02
5.640000000000000482e-04,3.599327179678595322e-09,6.338369321220876929e-02
5.659999999999998799e-04,3.604649377695943499e-09,1.444675062934775156e-01
5.679999999999997117e-04,3.644101079303461515e-09,1.521199916947484632e-01
5.699999999999999772e-04,3.651794963674563373e-09,9.331309375317951849e-02
5.719999999999998089e-04,3.673021015700115612e-09,5.827884854813752957e-02
5.740000000000000744e-04,3.669856958251017672e-09,9.042726695636538192e-02
5.759999999999999062e-04,3.701046566067336017e-09,1.823248145914262153e-01
5.779999999999997379e-04,3.726363733768104041e-09,7.923362500133118713e-02
5.800000000000000034e-04,3.725602941848591405e-09,9.610182897693934911e-02
5.819999999999998352e-04,3.756147965217617605e-09,1.460490660454182854e-01
5.840000000000001006e-04,3.770867004274776867e-09,8.045296927331105352e-02
5.859999999999999324e-04,3.781082244649620260e-09,9.835168642323426080e-02
5.879999999999997642e-04,3.801348519799136903e-09,7.430083203722354090e-02
5.900000000000000296e-04,3.804109831136234600e-09,1.074068339936641581e-02
5.919999999999998614e-04,3.804677311807554607e-09,1.269952188339990851e-01
5.940000000000001269e-04,3.843468655323054220e-09,2.150296115001833763e-01
5.959999999999999586e-04,3.871320077981744003e-09,7.306856101178928198e-02
5.979999999999997904e-04,3.866114331852067376e-09,6.936530756928983854e-02
6.000000000000000559e-04,3.892818028616038242e-09,1.874597797769665120e-01
6.019999999999998876e-04,3.924212554620470453e-09,4.190133082889287847e-02
6.039999999999997194e-04,3.905804242809214716e-09,2.613381156032977895e-02
6.059999999999999849e-04,3.932312041388394150e-09,1.769806908257442468e-01
6.079999999999998166e-04,3.960654747880401619e-09,1.568571930914359203e-01
6.100000000000000821e-04,3.980925798205430553e-09,8.770479861485332151e-02
6.119999999999999139e-04,3.987836540870058395e-09,5.001137473933760236e-02
6.139999999999997456e-04,3.996425506964380822e-09,5.863299747470551715e-02
6.160000000000000111e-04,4.006008294581269447e-09,8.436900655174908725e-02
6.179999999999998429e-04,4.022573459038281980e-09,1.007842384203386649e-01
6.200000000000001083e-04,4.037243715545998465e-09,1.702550204790160837e-01
6.219999999999999401e-04,4.075339519678045220e-09,1.665477643865464485e-01
6.239999999999997719e-04,4.088860809775068469e-09,1.111764798274811755e-01
6.260000000000000373e-04,4.109795742230473973e-09,5.031090701484567523e-02
6.279999999999998691e-04,4.104453350675883137e-09,7.891581959972465699e-02
6.300000000000001345e-04,4.134253622595597909e-09,1.086564690672414263e-01
6.319999999999999663e-04,4.138128562247178259e-09,7.224886844874130187e-02
6.339999999999997981e-04,4.156645256997888268e-09,1.108553801967683966e-01
6.360000000000000635e-04,4.172485268423888979e-09,1.272924125423689490e-01
6.379999999999998953e-04,4.196096188549247009e-09,1.148870768600350617e-01
6.399999999999997271e-04,4.208091492823415494e-09,1.014635925340040268e-01
6.419999999999999925e-04,4.227542157433543284e-09,6.384609187372254635e-02
6.439999999999998243e-04,4.227878907878450461e-09,6.913188844857581783e-02
6.460000000000000898e-04,4.248967765957491267e-09,1.607452303712716135e-01
6.479999999999999215e-04,4.277697659475083324e-09,9.642057454226662938e-02
6.499999999999997533e-04,4.278850784202143402e-09,2.896709014093515333e-02
6.520000000000000188e-04,4.286675246336452287e-09,1.373195211654957837e-01
6.539999999999998506e-04,4.321409354049042553e-09,1.535774268775804696e-01
6.560000000000001160e-04,4.334272525974500388e-09,1.491858841602385251e-02
6.579999999999999478e-04,4.326032977709628949e-09,1.121654974268052607e-01
6.599999999999997796e-04,4.369035268490169833e-09,2.277633530489094060e-01
6.620000000000000450e-04,4.396622231786729427e-09,1.052275989172428011e-01
6.639999999999998768e-04,4.401647792043503250e-09,2.383348672340672436e-02
6.659999999999997086e-04,4.404008793440923036e-09,8.838925865605913590e-02
6.679999999999999740e-04,4.429041715400527603e-09,1.147618700939456449e-01
6.699999999999998058e-04,4.439576213300105667e-09,4.438458233955579896e-02
6.720000000000000712e-04,4.442797548013335969e-09,9.581763999041555124e-02
6.739999999999999030e-04,4.469272367856181764e-09,1.515593473461853136e-01
6.759999999999997348e-04,4.489769377038356357e-09,1.060524319684177375e-01
6.780000000000000002e-04,4.502140526695174407e-09,7.167745990140296508e-02
6.799999999999998320e-04,4.511983918407068158e-09,1.040380886950343781e-01
6.820000000000000975e-04,4.534384392875936305e-09,1.249405204668344593e-01
6.839999999999999292e-04,4.550705942936910972e-09,1.072927930254671258e-01
6.859999999999997610e-04,4.567636968964810453e-09,7.004094718001963038e-02
6.880000000000000265e-04,4.572413290278382575e-09,8.529626243407012476e-02
6.899999999999998582e-04,4.594072299584007920e-09,9.446229166125512389e-02
6.920000000000001237e-04,4.601689390307299283e-09,1.384076429322868007e-01
6.939999999999999555e-04,4.636968104121363894e-09,1.029861968749711948e-01
6.959999999999997872e-04,4.633607250315621557e-09,6.003980970651940675e-03
6.980000000000000527e-04,4.638828879933357130e-09,1.405753214105602278e-01
6.999999999999998845e-04,4.677174869720521595e-09,1.904621308096229315e-01
7.019999999999997162e-04,4.697857602349902049e-09,4.802223615363288706e-02
7.039999999999999817e-04,4.692058097350518414e-09,4.932055840177304584e-02
7.059999999999998135e-04,4.713143210774793352e-09,1.621433721642627501e-01
7.080000000000000789e-04,4.742310166181645440e-09,1.235772114616206091e-01
7.099999999999999107e-04,4.751442713575544610e-09,-2.959543067177637828e-03
7.119999999999997425e-04,4.741392933735228277e-09,1.131532945546575852e-01
7.140000000000000079e-04,4.786511597801479602e-09,2.041469093988657335e-01
7.159999999999998397e-04,4.804662892943805191e-09,9.363522839159786615e-02
7.180000000000001052e-04,4.815531371347238079e-09,6.636073740672972232e-02
7.199999999999999369e-04,4.825229656169063156e-09,1.133773967115321718e-01
7.219999999999997687e-04,4.850669710135882108e-09,6.917737130307093085e-02
7.240000000000000342e-04,4.846669360906148875e-09,-2.004528920501564768e-02
7.259999999999998659e-04,4.844457200556089099e-09,1.773245933496332971e-01
7.280000000000001314e-04,4.901626449509387458e-09,1.731977915061598539e-01
7.299999999999999632e-04,4.898135295590101170e-09,4.086172585140730035e-02
7.319999999999997949e-04,4.914290465513464815e-09,1.438829580249227913e-01
7.340000000000000604e-04,4.942728029870784115e-09,1.139362841014110034e-01
7.359999999999998922e-04,4.949602016732635600e-09,3.234831139504404374e-02
7.379999999999997239e-04,4.952753537229466005e-09,7.598217080705704785e-02
7.399999999999999894e-04,4.973150689899905675e-09,1.424223135158053100e-01
7.419999999999998212e-04,4.996893583204540212e-09,1.752589527684255966e-01
7.440000000000000866e-04,5.027467587595038158e-09,6.581698521315544614e-02
7.459999999999999184e-04,5.017291824754860386e-09,4.692855374674495539e-02
7.479999999999997502e-04,5.042011857160600863e-09,1.018925729724511342e-01
7.500000000000000156e-04,5.048870744830632773e-09,5.808535533987425892e-02
7.519999999999998474e-04,5.060013883611995917e-09,1.235864137855520739e-01
7.540000000000001128e-04,5.087173099649382206e-09,1.589231501869465268e-01
7.559999999999999446e-04,5.109267929432402063e-09,7.510647935461697844e-02
7.579999999999997764e-04,5.110450375308653329e-09,6.869439619319865631e-02
7.600000000000000418e-04,5.130557948751333933e-09,1.325224707834551374e-01
7.619999999999998736e-04,5.151522225700010586e-09,6.281453588247001840e-02
7.639999999999997054e-04,5.150025660188609950e-09,6.588968497279990011e-02
7.659999999999999708e-04,5.171942998626583178e-09,1.187516385594265117e-01
7.679999999999998026e-04,5.186829603729710897e-09,1.390351741134597252e-01
7.700000000000000681e-04,5.215033289930130438e-09,1.564658714753752733e-01
7.719999999999998998e-04,5.235322080715678974e-09,4.920139657501045038e-02
7.739999999999997316e-04,5.230281967284452638e-09,9.083989037630810226e-02
7.759999999999999971e-04,5.263475512847206706e-09,1.319582616330474967e-01
7.779999999999998288e-04,5.271178955905748282e-09,2.411119341665174387e-02
7.800000000000000943e-04,5.270948142378720669e-09,6.316660619660574572e-02
7.819999999999999261e-04,5.290755782266580196e-09,1.407804207531498375e-01
7.839999999999997578e-04,5.314579326924421898e-09,1.458661306174540151e-01
7.860000000000000233e-04,5.335963148673714755e-09,9.831287634221817784e-02
7.879999999999998551e-04,5.345048814286079085e-09,8.742184141299517985e-02
7.900000000000001205e-04,5.363057246529155773e-09,8.774800267656990282e-02
7.919999999999999523e-04,5.372243997237065466e-09,1.238797395492979708e-01
7.939999999999997841e-04,5.401450509944856204e-09,9.972234531970518290e-02
7.960000000000000495e-04,5.403150312395784131e-09,8.691392707461360889e-02
7.979999999999998813e-04,5.428387193124920645e-09,1.002438853903403898e-01
7.999999999999997131e-04,5.434218265166809968e-09,7.568104945559539498e-02
8.019999999999999785e-04,5.451842541658081271e-09,1.632582782867323667e-01
8.039999999999998103e-04,5.484815869794175641e-09,6.698571460131703958e-02
8.060000000000000758e-04,5.472603000108617528e-09,3.082302619672976779e-02
8.079999999999999075e-04,5.494368655167673053e-09,1.824097648447412789e-01
8.099999999999997393e-04,5.529136103719907929e-09,8.178154878724910870e-02
8.120000000000000048e-04,5.519714692837395934e-09,-4.347975701108585528e-02
8.139999999999998365e-04,5.515660697892844836e-09,1.221821648099075258e-01
8.160000000000001020e-04,5.557581837661205631e-09,1.831974107254783213e-01
8.179999999999999338e-04,5.572437911605503634e-09,6.249814843896077388e-02
8.199999999999997655e-04,5.576951493141112992e-09,1.121322257060946848e-01
8.220000000000000310e-04,5.607190342427420873e-09,1.726880058822267416e-01
8.239999999999998628e-04,5.630471593544059209e-09,7.058489994881990415e-02
8.260000000000001282e-04,5.629066273606846213e-09,5.454091873455467476e-02
8.279999999999999600e-04,5.647375115197625284e-09,1.280092736901924655e-01
8.299999999999997918e-04,5.668739377395414362e-09,6.049295131991502816e-02
8.320000000000000572e-04,5.666123312629006978e-09,6.338312243855372119e-02
8.339999999999998890e-04,5.688383307264383657e-09,1.358008725299037489e-01
8.359999999999997208e-04,5.708211217318601126e-09,1.138764497248206664e-01
8.379999999999999862e-04,5.723676314394014568e-09,4.568186970425936605e-02
8.399999999999998180e-04,5.722369109991437776e-09,1.519805946738925218e-01
8.420000000000000834e-04,5.770778697936478641e-09,1.769684403883093338e-01
8.439999999999999152e-04,5.777215818362115409e-09,4.464080105637287590e-03
8.459999999999997470e-04,5.772162222022241960e-09,5.810353097569695424e-02
8.480000000000000124e-04,5.795223477873261946e-09,1.092752942800997024e-01
8.499999999999998442e-04,5.806029222174072908e-09,1.165505772008466612e-01
8.520000000000001097e-04,5.831345260402068620e-09,1.613380854792235419e-01
8.539999999999999414e-04,5.856031713601045244e-09,1.047805802871188963e-01
8.559999999999997732e-04,5.863819242301363752e-09,6.400699249989796891e-02
8.580000000000000387e-04,5.875868995568511792e-09,3.289564477183326563e-02
8.599999999999998705e-04,5.874014381228436969e-09,4.076056006293934247e-02
8.619999999999997022e-04,5.888501657900233071e-09,1.640478654802644543e-01
8.639999999999999677e-04,5.924856697615953736e-09,1.377845334805685995e-01
8.659999999999997995e-04,5.931204346070036054e-09,6.051439119568414321e-02
8.680000000000000649e-04,5.943611539772305040e-09,1.435688359759487442e-01
8.699999999999998967e-04,5.975699726492728342e-09,1.388442633790149816e-01
8.719999999999997285e-04,5.986642663320543045e-09,1.554428105416321912e-02
8.739999999999999939e-04,5.980517267111486522e-09,4.619012578809227748e-02
8.759999999999998257e-04,6.000958076583744540e-09,1.665858538432814229e-01
8.780000000000000911e-04,6.032146166164752066e-09,1.398446905222508196e-01
8.799999999999999229e-04,6.044299256182949747e-09,1.048277183730853546e-01
8.819999999999997547e-04,6.064634757272606934e-09,8.445896114108179809e-02
8.840000000000000201e-04,6.070475087313233987e-09,8.290023657835161874e-02
8.859999999999998519e-04,6.090327502767199179e-09,3.208789491437289559e-02
8.880000000000001174e-04,6.080419885440711680e-09,5.344906986576438562e-02
8.899999999999999491e-04,6.106892634613178544e-09,1.514356532668786337e-01
8.919999999999997809e-04,6.127353378742819992e-09,1.450297378309898522e-01
8.940000000000000464e-04,6.151840783099073820e-09,5.995289692067044818e-02
8.959999999999998781e-04,6.145934200533252516e-09,9.998199458092311975e-02
8.979999999999997099e-04,6.182827569709526399e-09,1.842386403943748752e-01
8.999999999999999754e-04,6.203034115965325628e-09,-1.522809243600565209e-02
9.019999999999998071e-04,6.178108023427461900e-09,9.784015868826796691e-02
9.040000000000000726e-04,6.233357096937209074e-09,1.828129699990765356e-01
9.059999999999999044e-04,6.234766089859625923e-09,5.233742059856846818e-02
9.079999999999997361e-04,6.249577702363486551e-09,9.262324728118676020e-02
9.100000000000000016e-04,6.263472226506525819e-09,1.116742311765162171e-01
9.119999999999998334e-04,6.284188189840334280e-09,4.056041537639256539e-02
9.140000000000000988e-04,6.276042859262626069e-09,4.668978510304860885e-02
9.159999999999999306e-04,6.298658459351756759e-09,2.472007939839290513e-01
9.179999999999997624e-04,6.352656236353384674e-09,1.178344219545519600e-01
9.200000000000000278e-04,6.335178135757245078e-09,-8.873478124640025999e-02
9.219999999999998596e-04,6.325155227367387430e-09,1.951340205292256547e-01
9.240000000000001251e-04,6.395654787377624016e-09,2.129876198795391251e-01
9.259999999999999568e-04,6.391165132006127209e-09,-9.891151772463205316e-02
9.279999999999997886e-04,6.364999766882224596e-09,6.516971001030576194e-02
9.300000000000000541e-04,6.411362767650631501e-09,3.086417732115597778e-01
9.319999999999998858e-04,6.460655157692001326e-09,1.033397117465036097e-01
9.339999999999997176e-04,6.443390190285042134e-09,-1.580617672899907455e-02
9.359999999999999831e-04,6.455756449404765125e-09,9.820463512877108947e-02
9.379999999999998148e-04,6.473826131132669264e-09,9.470174171768652727e-02
9.400000000000000803e-04,6.485106760673752459e-09,9.980931458973640868e-02
9.419999999999999121e-04,6.504759400126664098e-09,4.799628036852240931e-02
9.439999999999997438e-04,6.499981943991595288e-09,1.041263484245105037e-01
9.460000000000000093e-04,6.537030620086631027e-09,1.743666694008507712e-01
9.479999999999998411e-04,6.554022301951521710e-09,5.867162540111031666e-02
9.500000000000001065e-04,6.555214345506521949e-09,1.032630386508946452e-01
9.519999999999999383e-04,6.586025961778811425e-09,1.434397110434065536e-01
9.539999999999997701e-04,6.599669707056341275e-09,1.153870082928827763e-02
9.560000000000000355e-04,6.589602078277159629e-09,8.556545427066970799e-02
9.579999999999998673e-04,6.626188466597239786e-09,1.777536097842410678e-01
9.599999999999996991e-04,6.644692129227921933e-09,1.159730190327149246e-01
9.619999999999999645e-04,6.662131250179422934e-09,8.273313230807802232e-02
9.639999999999997963e-04,6.670333085153943330e-09,7.708753176387284078e-02
9.660000000000000617e-04,6.686022500870173332e-09,2.928809463601506069e-02
9.679999999999998935e-04,6.679410158906246874e-09,4.506657519824761038e-02
9.699999999999997253e-04,6.699989699212088596e-09,2.218079839524398078e-01
9.719999999999999907e-04,6.748153703141778014e-09,1.355739898529821907e-01
9.739999999999998225e-04,6.742007287589997799e-09,2.130407457763466850e-02
9.760000000000000880e-04,6.754756340102941987e-09,1.256034985260570946e-01
9.779999999999999197e-04,6.780934784712523912e-09,1.085055183653337585e-01
9.799999999999997515e-04,6.788384768478830604e-09,4.290706954862137656e-02
9.820000000000000170e-04,6.794232701139936000e-09,8.972866315940421222e-02
9.839999999999998487e-04,6.816193804994011322e-09,1.362065711480958397e-01
9.860000000000001142e-04,6.836446341433857347e-09,1.195583025889297990e-01
9.879999999999999460e-04,6.853247752810915017e-09,1.126356845209239010e-01
9.899999999999997777e-04,6.871354806058928142e-09,7.103446292788101468e-02
9.920000000000000432e-04,6.875263014198331691e-09,9.773201299493236571e-02
9.939999999999998750e-04,6.901644270120706288e-09,9.890583887485680792e-02
9.959999999999997067e-04,6.905916274683773115e-09,2.937114433138716257e-02
9.979999999999999722e-04,6.910747082939318234e-09,1.134503070064700053e-01
9.999999999999998040e-04,6.941077210098541574e-09,1.846899666688487374e-01
1.002000000000000069e-03,6.967986875066367474e-09,6.259243721624592471e-02
1.003999999999999901e-03,6.960476087902274611e-09,5.428994001330480351e-02
1.005999999999999733e-03,6.984812612473765347e-09,1.129844665355664995e-01
1.007999999999999998e-03,6.995492648329061890e-09,6.120160783984049391e-02
1.009999999999999830e-03,7.003780439333981342e-09,8.416948070005410287e-02
1.012000000000000096e-03,7.021578762618917844e-09,1.484442824133364869e-01
1.013999999999999927e-03,7.049786836005344125e-09,1.247772381290667559e-01
1.015999999999999759e-03,7.060250182087525800e-09,9.058769386808852853e-02
1.018000000000000025e-03,7.077862106469688571e-09,1.038941580777601320e-01
1.019999999999999856e-03,7.092449440763275363e-09,2.943113877858952870e-02
1.021999999999999688e-03,7.086983512987505458e-09,1.804016608697164847e-02
1.023999999999999954e-03,7.098040515229209623e-09,1.409561025010594437e-01
1.025999999999999785e-03,7.130669145465122793e-09,1.812782463873655048e-01
1.028000000000000051e-03,7.154222934488472416e-09,7.507561323568068268e-02
1.029999999999999883e-03,7.153936854983566775e-09,5.420977432992489520e-02
1.031999999999999714e-03,7.171023826653136890e-09,1.302379458587732408e-01
1.033999999999999980e-03,7.194300677027982237e-09,1.170725798623278718e-01
1.035999999999999812e-03,7.207307390162099439e-09,8.416962649789842821e-02
1.038000000000000077e-03,7.220386836504038299e-09,1.193641518228941295e-01
1.039999999999999909e-03,7.244301166061219802e-09,1.097698888805775930e-01
1.041999999999999741e-03,7.254407123229190241e-09,4.055700189923083787e-02
1.044000000000000006e-03,7.256870740899958003e-09,5.358151035659491218e-02
1.045999999999999838e-03,7.271013301518037225e-09,1.353275241978361132e-01
1.048000000000000103e-03,7.298811943737694495e-09,1.445091192756675913e-01
1.049999999999999935e-03,7.315800097991034654e-09,3.944126627035355465e-02
1.051999999999999767e-03,7.311035725696517816e-09,8.987983946041416816e-02
1.054000000000000032e-03,7.343655987620126906e-09,1.194326702140117158e-01
1.055999999999999864e-03,7.348050737066827125e-09,8.764233484182001876e-02
1.057999999999999696e-03,7.370818421608050673e-09,6.575802304577361979e-02
1.059999999999999961e-03,7.368430704845876500e-09,1.067666173582922234e-01
1.061999999999999793e-03,7.403907923403526204e-09,1.542097270107606333e-01
1.064000000000000059e-03,7.416223949261210538e-09,7.063618075661190487e-02
1.065999999999999890e-03,7.425799747719064828e-09,1.384378692532486355e-01
1.067999999999999722e-03,7.459129121650865845e-09,1.056457109476106188e-01
1.069999999999999988e-03,7.458541854086958313e-09,-4.238838907581162982e-03
1.071999999999999819e-03,7.457815405143649325e-09,6.483282184010057125e-02
1.074000000000000085e-03,7.478635080113644833e-09,1.466342804436991942e-01
1.075999999999999917e-03,7.503260839363396029e-09,4.722970538120999789e-02
1.077999999999999748e-03,7.493272683698734037e-09,1.159000333022814633e-01
1.080000000000000014e-03,7.539181002940218785e-09,2.343277841891034385e-01
1.081999999999999846e-03,7.565896410360759557e-09,8.684202884574886150e-02
1.084000000000000111e-03,7.566095403157386803e-09,-1.082816930330112414e-02
1.085999999999999943e-03,7.562540504399994100e-09,8.852806934157339547e-02
1.087999999999999775e-03,7.593532347231375890e-09,1.377330446977372835e-01
1.090000000000000040e-03,7.605227234977293062e-09,7.443476135713571196e-02
1.091999999999999872e-03,7.616601441584228868e-09,7.635442300054134934e-02
1.093999999999999704e-03,7.628891277910212992e-09,1.305876754827117181e-01
1.095999999999999969e-03,7.657073653116912329e-09,1.638320302086384572e-01
1.097999999999999801e-03,7.679666701838408493e-09,4.239543381081336409e-02
1.100000000000000066e-03,7.670213001519183629e-09,6.164547518983268248e-02
1.101999999999999898e-03,7.698772093696344541e-09,7.910039072242103231e-02
1.103999999999999730e-03,7.694728084843863879e-09,9.230551349250662452e-02
1.105999999999999995e-03,7.727379757121649296e-09,1.686894142083131820e-01
1.107999999999999827e-03,7.747008927043759578e-09,7.568190616237967239e-02
1.110000000000000092e-03,7.750835371168513734e-09,4.437792459095953740e-02
1.111999999999999924e-03,7.760762696262693376e-09,1.136369511413843209e-01
1.113999999999999756e-03,7.786054152018404334e-09,9.494485502794688947e-02
1.116000000000000021e-03,7.790188354100815975e-09,8.271188519447025822e-02
1.117999999999999853e-03,7.811688522961010836e-09,1.076835068900911380e-01
1.119999999999999685e-03,7.823562021664206455e-09,1.303965055282462482e-01
1.121999999999999950e-03,7.852101486399971861e-09,1.567904971128338543e-01
1.123999999999999782e-03,7.872155107818837810e-09,1.519160265143428348e-02
1.126000000000000048e-03,7.856809723634117805e-09,7.309585798494523667e-02
1.127999999999999879e-03,7.894809244325916667e-09,1.710355136241625829e-01
1.129999999999999711e-03,7.909817677573180600e-09,3.367934847535936776e-02
1.131999999999999977e-03,7.905247271580317199e-09,7.528634646504855921e-03
1.133999999999999809e-03,7.912150979646587541e-09,1.440501022250276764e-01
1.136000000000000074e-03,7.949891807804778598e-09,1.713878536812329378e-01
1.137999999999999906e-03,7.965268132108937796e-09,8.765169253566110208e-02
1.139999999999999738e-03,7.977057141963513604e-09,4.819308576417851570e-02
1.142000000000000003e-03,7.980204310077114509e-09,1.013857698105776195e-01
1.143999999999999835e-03,8.008478991743812832e-09,9.524050767900395231e-02
1.146000000000000100e-03,8.009721597669647772e-09,-9.228975634755236246e-02
1.147999999999999932e-03,7.979876211830700648e-09,-1.797432754513008935e-01
1.149999999999999764e-03,7.954014902234948781e-09,1.323316259239039339e-01
1.152000000000000029e-03,8.020888914882966583e-09,nan
1.153999999999999861e-03,nan,nan
1.155999999999999693e-03,nan,nan
1.157999999999999958e-03,nan,nan
1.159999999999999790e-03,nan,nan
1.162000000000000055e-03,nan,nan
1.163999999999999887e-03,nan,nan
1.165999999999999719e-03,nan,nan
1.167999999999999984e-03,nan,nan
1.169999999999999816e-03,nan,nan
1.172000000000000082e-03,nan,nan
1.173999999999999913e-03,nan,nan
1.175999999999999745e-03,nan,nan
1.178000000000000011e-03,nan,nan
1.179999999999999842e-03,nan,nan
1.182000000000000108e-03,nan,nan
1.183999999999999940e-03,nan,nan
1.185999999999999771e-03,nan,nan
1.188000000000000037e-03,nan,nan
1.189999999999999869e-03,nan,nan
1.191999999999999700e-03,nan,nan
1.193999999999999966e-03,nan,nan
1.195999999999999798e-03,nan,nan
1.198000000000000063e-03,nan,nan
1.199999999999999895e-03,nan,nan
1.201999999999999727e-03,nan,nan
1.203999999999999992e-03,nan,nan
1.205999999999999824e-03,nan,nan
1.208000000000000089e-03,nan,nan
1.209999999999999921e-03,nan,nan
1.211999999999999753e-03,nan,nan
1.214000000000000018e-03,nan,nan
1.215999999999999850e-03,nan,nan
1.217999999999999682e-03,nan,nan
1.219999999999999947e-03,nan,nan
1.221999999999999779e-03,nan,nan
1.224000000000000045e-03,nan,nan
1.225999999999999876e-03,nan,nan
1.227999999999999708e-03,nan,nan
1.229999999999999974e-03,nan,nan
1.231999999999999805e-03,nan,nan
1.234000000000000071e-03,nan,nan
1.235999999999999903e-03,nan,nan
1.237999999999999734e-03,nan,nan
1.240000000000000000e-03,nan,nan
1.241999999999999832e-03,nan,nan
1.244000000000000097e-03,nan,nan
1.245999999999999929e-03,nan,nan
1.247999999999999761e-03,nan,nan
1.250000000000000026e-03,nan,nan
1.251999999999999858e-03,nan,nan
1.253999999999999690e-03,nan,nan
1.255999999999999955e-03,nan,nan
1.257999999999999787e-03,nan,nan
1.260000000000000052e-03,nan,nan
1.261999999999999884e-03,nan,nan
1.263999999999999716e-03,nan,nan
1.265999999999999981e-03,nan,nan
1.267999999999999813e-03,nan,nan
1.270000000000000078e-03,nan,nan
1.271999999999999910e-03,nan,nan
1.273999999999999742e-03,nan,nan
1.276000000000000007e-03,nan,nan
1.277999999999999839e-03,nan,nan
1.280000000000000105e-03,nan,nan
1.281999999999999936e-03,nan,nan
1.283999999999999768e-03,nan,nan
1.286000000000000034e-03,nan,nan
1.287999999999999865e-03,nan,nan
1.289999999999999697e-03,nan,nan
1.291999999999999963e-03,nan,nan
1.293999999999999794e-03,nan,nan
1.296000000000000060e-03,nan,nan
1.297999999999999892e-03,nan,nan
1.299999999999999723e-03,nan,nan
1.301999999999999989e-03,nan,nan
1.303999999999999821e-03,nan,nan
1.306000000000000086e-03,nan,nan
1.307999999999999918e-03,nan,nan
1.309999999999999750e-03,nan,nan
1.312000000000000015e-03,nan,nan
1.313999999999999847e-03,nan,nan
1.315999999999999679e-03,nan,nan
1.317999999999999944e-03,nan,nan
1.319999999999999776e-03,nan,nan
1.322000000000000041e-03,nan,nan
1.323999999999999873e-03,nan,nan
1.325999999999999705e-03,nan,nan
1.327999999999999970e-03,nan,nan
1.329999999999999802e-03,nan,nan
1.332000000000000068e-03,nan,nan
1.333999999999999899e-03,nan,nan
1.335999999999999731e-03,nan,nan
1.337999999999999997e-03,nan,nan
1.339999999999999828e-03,nan,nan
1.342000000000000094e-03,nan,nan
1.343999999999999926e-03,nan,nan
1.345999999999999757e-03,nan,nan
1.348000000000000023e-03,nan,nan
1.349999999999999855e-03,nan,nan
1.351999999999999686e-03,nan,nan
1.353999999999999952e-03,nan,nan
1.355999999999999784e-03,nan,nan
1.358000000000000049e-03,nan,nan
1.359999999999999881e-03,nan,nan
1.361999999999999713e-03,nan,nan
1.363999999999999978e-03,nan,nan
1.365999999999999810e-03,nan,nan
1.368000000000000075e-03,nan,nan
1.369999999999999907e-03,nan,nan
1.371999999999999739e-03,nan,nan
1.374000000000000004e-03,nan,nan
1.375999999999999836e-03,nan,nan
1.378000000000000102e-03,nan,nan
1.379999999999999933e-03,nan,nan
1.381999999999999765e-03,nan,nan
1.384000000000000031e-03,nan,nan
1.385999999999999862e-03,nan,nan
1.387999999999999694e-03,nan,nan
1.389999999999999960e-03,nan,nan
1.391999999999999791e-03,nan,nan
1.394000000000000057e-03,nan,nan
1.395999999999999889e-03,nan,nan
1.397999999999999720e-03,nan,nan
1.399999999999999986e-03,nan,nan
